filename,drive_folder,description,region,composite_type,phase,start_date,end_date,scene_count,task_id,scale_m,bands,crs,exported_at
MON_Hasdeo_Full_2018_01_first_event.tif,Hasdeo_JPEG_Dataset,MON_Hasdeo_Full_2018_01_first_event,Hasdeo_Full,monthly,first_event,2018-01-01,2018-02-01,16,QHLPIBCWRUYUW2KU2RNDMRTJ,30,"B4,B3,B2 (RGB visualised)",EPSG:32644,2026-02-21T10:45:34.689507
MON_Hasdeo_Full_2018_02_first_event.tif,Hasdeo_JPEG_Dataset,MON_Hasdeo_Full_2018_02_first_event,Hasdeo_Full,monthly,first_event,2018-02-01,2018-03-01,3,ANFJ6IGV2YA5QQORLJOBPV5C,30,"B4,B3,B2 (RGB visualised)",EPSG:32644,2026-02-21T10:45:42.178039
MON_Hasdeo_Full_2018_03_first_event.tif,Hasdeo_JPEG_Dataset,MON_Hasdeo_Full_2018_03_first_event,Hasdeo_Full,monthly,first_event,2018-03-01,2018-04-01,8,LYGFSQNO6VDR7PMI6ULUG2NM,30,"B4,B3,B2 (RGB visualised)",EPSG:32644,2026-02-21T10:45:48.019762
MON_Hasdeo_Full_2018_04_first_event.tif,Hasdeo_JPEG_Dataset,MON_Hasdeo_Full_2018_04_first_event,Hasdeo_Full,monthly,first_event,2018-04-01,2018-05-01,3,QGR2C3CRWVD3BY6PRLMRA2NR,30,"B4,B3,B2 (RGB visualised)",EPSG:32644,2026-02-21T10:45:53.443745
MON_Hasdeo_Full_2018_10_first_event.tif,Hasdeo_JPEG_Dataset,MON_Hasdeo_Full_2018_10_first_event,Hasdeo_Full,monthly,first_event,2018-10-01,2018-11-01,1,CTNFMLCOWYTSSW7YIGHZ3CTW,30,"B4,B3,B2 (RGB visualised)",EPSG:32644,2026-02-21T10:46:11.193809
MON_Hasdeo_Full_2018_11_first_event.tif,Hasdeo_JPEG_Dataset,MON_Hasdeo_Full_2018_11_first_event,Hasdeo_Full,monthly,first_event,2018-11-01,2018-12-01,12,LRX4SALK6RGJVPUAE3KR5BWL,30,"B4,B3,B2 (RGB visualised)",EPSG:32644,2026-02-21T10:46:15.971976
MON_Hasdeo_Full_2018_12_first_event.tif,Hasdeo_JPEG_Dataset,MON_Hasdeo_Full_2018_12_first_event,Hasdeo_Full,monthly,first_event,2018-12-01,2019-01-01,10,WNAEYVWXR3DQHYW652SB5KPU,30,"B4,B3,B2 (RGB visualised)",EPSG:32644,2026-02-21T10:46:20.212658
MON_Hasdeo_Full_2019_01_first_event.tif,Hasdeo_JPEG_Dataset,MON_Hasdeo_Full_2019_01_first_event,Hasdeo_Full,monthly,first_event,2019-01-01,2019-02-01,24,D4VRE33LUDVPMPUTULOK3OBM,30,"B4,B3,B2 (RGB visualised)",EPSG:32644,2026-02-21T10:46:24.337642
MON_Hasdeo_Full_2019_02_first_event.tif,Hasdeo_JPEG_Dataset,MON_Hasdeo_Full_2019_02_first_event,Hasdeo_Full,monthly,first_event,2019-02-01,2019-03-01,15,G4DJILKWUW52XCSQZGQJD6A7,30,"B4,B3,B2 (RGB visualised)",EPSG:32644,2026-02-21T10:46:32.976096
MON_Hasdeo_Full_2019_03_first_event.tif,Hasdeo_JPEG_Dataset,MON_Hasdeo_Full_2019_03_first_event,Hasdeo_Full,monthly,first_event,2019-03-01,2019-04-01,22,KVRVYOZS2ARGPN7ZXU32U2YJ,30,"B4,B3,B2 (RGB visualised)",EPSG:32644,2026-02-21T10:46:37.618181
MON_Hasdeo_Full_2019_04_first_event.tif,Hasdeo_JPEG_Dataset,MON_Hasdeo_Full_2019_04_first_event,Hasdeo_Full,monthly,first_event,2019-04-01,2019-05-01,16,XMCIE4G4GKIQITRL4YWG67AT,30,"B4,B3,B2 (RGB visualised)",EPSG:32644,2026-02-21T10:46:39.460837
MON_Hasdeo_Full_2019_05_first_event.tif,Hasdeo_JPEG_Dataset,MON_Hasdeo_Full_2019_05_first_event,Hasdeo_Full,monthly,first_event,2019-05-01,2019-06-01,24,B5S7OB4CCJJP2AZ2F7NACI37,30,"B4,B3,B2 (RGB visualised)",EPSG:32644,2026-02-21T10:46:43.114037
MON_Hasdeo_Full_2019_06_first_event.tif,Hasdeo_JPEG_Dataset,MON_Hasdeo_Full_2019_06_first_event,Hasdeo_Full,monthly,first_event,2019-06-01,2019-07-01,8,LBEHL6WI3T2KFJ3RNTDSSAQD,30,"B4,B3,B2 (RGB visualised)",EPSG:32644,2026-02-21T10:46:47.716618
MON_Hasdeo_Full_2019_10_first_event.tif,Hasdeo_JPEG_Dataset,MON_Hasdeo_Full_2019_10_first_event,Hasdeo_Full,monthly,first_event,2019-10-01,2019-11-01,6,ORW3Q6CTTXRUKJXREWTRDEU6,30,"B4,B3,B2 (RGB visualised)",EPSG:32644,2026-02-21T10:47:04.816457
MON_Hasdeo_Full_2019_11_first_event.tif,Hasdeo_JPEG_Dataset,MON_Hasdeo_Full_2019_11_first_event,Hasdeo_Full,monthly,first_event,2019-11-01,2019-12-01,22,GTAHAR7KTJ4UPEOPGZ4MPD5B,30,"B4,B3,B2 (RGB visualised)",EPSG:32644,2026-02-21T10:47:07.671988
MON_Hasdeo_Full_2019_12_first_event.tif,Hasdeo_JPEG_Dataset,MON_Hasdeo_Full_2019_12_first_event,Hasdeo_Full,monthly,first_event,2019-12-01,2020-01-01,14,YCZX7LQEGU7XKJ6ZFQMHG2A7,30,"B4,B3,B2 (RGB visualised)",EPSG:32644,2026-02-21T10:47:14.707532
MON_Hasdeo_Full_2020_01_first_event.tif,Hasdeo_JPEG_Dataset,MON_Hasdeo_Full_2020_01_first_event,Hasdeo_Full,monthly,first_event,2020-01-01,2020-02-01,24,PB55MGCJS2HLFWU2LC5ZDO3C,30,"B4,B3,B2 (RGB visualised)",EPSG:32644,2026-02-21T10:47:17.615440
MON_Hasdeo_Full_2020_02_first_event.tif,Hasdeo_JPEG_Dataset,MON_Hasdeo_Full_2020_02_first_event,Hasdeo_Full,monthly,first_event,2020-02-01,2020-03-01,9,XQG3RYWB2HFNMGHECDQRE4H4,30,"B4,B3,B2 (RGB visualised)",EPSG:32644,2026-02-21T10:47:21.917649
MON_Hasdeo_Full_2020_03_first_event.tif,Hasdeo_JPEG_Dataset,MON_Hasdeo_Full_2020_03_first_event,Hasdeo_Full,monthly,first_event,2020-03-01,2020-04-01,12,J423PGNDZT3Z4NEFKEWDXXSD,30,"B4,B3,B2 (RGB visualised)",EPSG:32644,2026-02-21T10:47:24.991344
MON_Hasdeo_Full_2020_04_first_event.tif,Hasdeo_JPEG_Dataset,MON_Hasdeo_Full_2020_04_first_event,Hasdeo_Full,monthly,first_event,2020-04-01,2020-05-01,18,OBJBN4NEEWVXIW24XIYYD7RF,30,"B4,B3,B2 (RGB visualised)",EPSG:32644,2026-02-21T10:47:29.303131
MON_Hasdeo_Full_2020_05_first_event.tif,Hasdeo_JPEG_Dataset,MON_Hasdeo_Full_2020_05_first_event,Hasdeo_Full,monthly,first_event,2020-05-01,2020-06-01,12,H2LMKGANVOD5H7WVBRMK76HQ,30,"B4,B3,B2 (RGB visualised)",EPSG:32644,2026-02-21T10:47:32.876608
MON_Hasdeo_Full_2020_06_first_event.tif,Hasdeo_JPEG_Dataset,MON_Hasdeo_Full_2020_06_first_event,Hasdeo_Full,monthly,first_event,2020-06-01,2020-07-01,4,3H6PCBWIKPZBP3WUKQRCCP7D,30,"B4,B3,B2 (RGB visualised)",EPSG:32644,2026-02-21T10:47:37.073397
MON_Hasdeo_Full_2020_09_first_event.tif,Hasdeo_JPEG_Dataset,MON_Hasdeo_Full_2020_09_first_event,Hasdeo_Full,monthly,first_event,2020-09-01,2020-10-01,4,J775IU6CUXCVTDA4L5IIVDNA,30,"B4,B3,B2 (RGB visualised)",EPSG:32644,2026-02-21T10:47:47.004812
MON_Hasdeo_Full_2020_10_first_event.tif,Hasdeo_JPEG_Dataset,MON_Hasdeo_Full_2020_10_first_event,Hasdeo_Full,monthly,first_event,2020-10-01,2020-11-01,7,2LN7SKSKIAYTLIFSVH3UACPU,30,"B4,B3,B2 (RGB visualised)",EPSG:32644,2026-02-21T10:47:56.963006
MON_Hasdeo_Full_2020_11_first_event.tif,Hasdeo_JPEG_Dataset,MON_Hasdeo_Full_2020_11_first_event,Hasdeo_Full,monthly,first_event,2020-11-01,2020-12-01,16,IQLQEVLFAIVLVADRFYQX7L3H,30,"B4,B3,B2 (RGB visualised)",EPSG:32644,2026-02-21T10:48:03.185260
MON_Hasdeo_Full_2020_12_first_event.tif,Hasdeo_JPEG_Dataset,MON_Hasdeo_Full_2020_12_first_event,Hasdeo_Full,monthly,first_event,2020-12-01,2021-01-01,25,7RDUWOZJFEOLU6VFHU44F7W4,30,"B4,B3,B2 (RGB visualised)",EPSG:32644,2026-02-21T10:48:16.292779
MON_Hasdeo_Full_2021_01_first_event.tif,Hasdeo_JPEG_Dataset,MON_Hasdeo_Full_2021_01_first_event,Hasdeo_Full,monthly,first_event,2021-01-01,2021-02-01,20,ZJ6424LYKET4S5NUZJJBSA7K,30,"B4,B3,B2 (RGB visualised)",EPSG:32644,2026-02-21T10:48:18.954604
MON_Hasdeo_Full_2021_02_first_event.tif,Hasdeo_JPEG_Dataset,MON_Hasdeo_Full_2021_02_first_event,Hasdeo_Full,monthly,first_event,2021-02-01,2021-03-01,20,XJ4UUGSJLCH444AX5JS7FLKM,30,"B4,B3,B2 (RGB visualised)",EPSG:32644,2026-02-21T10:48:23.861338
MON_Hasdeo_Full_2021_03_first_event.tif,Hasdeo_JPEG_Dataset,MON_Hasdeo_Full_2021_03_first_event,Hasdeo_Full,monthly,first_event,2021-03-01,2021-04-01,24,YMO7ONNMEBMXNX577GR3BMZG,30,"B4,B3,B2 (RGB visualised)",EPSG:32644,2026-02-21T10:48:26.840870
MON_Hasdeo_Full_2021_04_first_event.tif,Hasdeo_JPEG_Dataset,MON_Hasdeo_Full_2021_04_first_event,Hasdeo_Full,monthly,first_event,2021-04-01,2021-05-01,20,MK6VTO22UAXOOQDSE6MTHYQN,30,"B4,B3,B2 (RGB visualised)",EPSG:32644,2026-02-21T10:48:28.581295
MON_Hasdeo_Full_2021_05_first_event.tif,Hasdeo_JPEG_Dataset,MON_Hasdeo_Full_2021_05_first_event,Hasdeo_Full,monthly,first_event,2021-05-01,2021-06-01,6,Y2M2EU7FTA5ZF4J7VWA6DRX7,30,"B4,B3,B2 (RGB visualised)",EPSG:32644,2026-02-21T10:48:33.290821
MON_Hasdeo_Full_2021_06_first_event.tif,Hasdeo_JPEG_Dataset,MON_Hasdeo_Full_2021_06_first_event,Hasdeo_Full,monthly,first_event,2021-06-01,2021-07-01,2,GOWPJ36IRM6E45W4UUKLS6CO,30,"B4,B3,B2 (RGB visualised)",EPSG:32644,2026-02-21T10:48:36.567797
MON_Hasdeo_Full_2021_07_first_event.tif,Hasdeo_JPEG_Dataset,MON_Hasdeo_Full_2021_07_first_event,Hasdeo_Full,monthly,first_event,2021-07-01,2021-08-01,1,TJKUNCHC7WE5USEEULAO3I2H,30,"B4,B3,B2 (RGB visualised)",EPSG:32644,2026-02-21T10:48:40.457574
MON_Hasdeo_Full_2021_08_first_event.tif,Hasdeo_JPEG_Dataset,MON_Hasdeo_Full_2021_08_first_event,Hasdeo_Full,monthly,first_event,2021-08-01,2021-09-01,1,3W4GKUK2PZSOYSUU6BIU4ZVQ,30,"B4,B3,B2 (RGB visualised)",EPSG:32644,2026-02-21T10:48:42.507250
MON_Hasdeo_Full_2021_10_first_event.tif,Hasdeo_JPEG_Dataset,MON_Hasdeo_Full_2021_10_first_event,Hasdeo_Full,monthly,first_event,2021-10-01,2021-11-01,16,JNRDWPYOCV7D6CL6NN4SOIR3,30,"B4,B3,B2 (RGB visualised)",EPSG:32644,2026-02-21T10:48:47.423587
MON_Hasdeo_Full_2021_11_first_event.tif,Hasdeo_JPEG_Dataset,MON_Hasdeo_Full_2021_11_first_event,Hasdeo_Full,monthly,first_event,2021-11-01,2021-12-01,15,TRRPGQBIUXJWIG6SP4Y76QJU,30,"B4,B3,B2 (RGB visualised)",EPSG:32644,2026-02-21T10:48:55.715157
MON_Hasdeo_Full_2021_12_first_event.tif,Hasdeo_JPEG_Dataset,MON_Hasdeo_Full_2021_12_first_event,Hasdeo_Full,monthly,first_event,2021-12-01,2022-01-01,23,QJ5OUUXMJN6AQOA7ZH7B7I7D,30,"B4,B3,B2 (RGB visualised)",EPSG:32644,2026-02-21T10:48:58.276493
MON_Hasdeo_Full_2022_01_first_event.tif,Hasdeo_JPEG_Dataset,MON_Hasdeo_Full_2022_01_first_event,Hasdeo_Full,monthly,first_event,2022-01-01,2022-02-01,13,SRG6ROK5YM3R35OPWFRL72QY,30,"B4,B3,B2 (RGB visualised)",EPSG:32644,2026-02-21T10:49:00.427270
MON_Hasdeo_Full_2022_02_first_event.tif,Hasdeo_JPEG_Dataset,MON_Hasdeo_Full_2022_02_first_event,Hasdeo_Full,monthly,first_event,2022-02-01,2022-03-01,16,W5UWC47U4C4BRXGO7UUNXB2O,30,"B4,B3,B2 (RGB visualised)",EPSG:32644,2026-02-21T10:49:03.089501
MON_Hasdeo_Full_2022_03_second_event.tif,Hasdeo_JPEG_Dataset,MON_Hasdeo_Full_2022_03_second_event,Hasdeo_Full,monthly,second_event,2022-03-01,2022-04-01,25,KNKVHES2GWZPEMAKBHEWWJFG,30,"B4,B3,B2 (RGB visualised)",EPSG:32644,2026-02-21T10:49:04.687547
MON_Hasdeo_Full_2022_04_second_event.tif,Hasdeo_JPEG_Dataset,MON_Hasdeo_Full_2022_04_second_event,Hasdeo_Full,monthly,second_event,2022-04-01,2022-05-01,21,ODE4CDJEYOVD6DWAEJELAXWF,30,"B4,B3,B2 (RGB visualised)",EPSG:32644,2026-02-21T10:49:06.773620
MON_Hasdeo_Full_2022_05_first_event.tif,Hasdeo_JPEG_Dataset,MON_Hasdeo_Full_2022_05_first_event,Hasdeo_Full,monthly,first_event,2022-05-01,2022-06-01,17,UVCIHQOYCZOXEAKBFMLQWE6T,30,"B4,B3,B2 (RGB visualised)",EPSG:32644,2026-02-21T10:49:09.437053
MON_Hasdeo_Full_2022_06_first_event.tif,Hasdeo_JPEG_Dataset,MON_Hasdeo_Full_2022_06_first_event,Hasdeo_Full,monthly,first_event,2022-06-01,2022-07-01,3,YHC7ZYS7NYFLZKVAS3VGEG7D,30,"B4,B3,B2 (RGB visualised)",EPSG:32644,2026-02-21T10:49:12.408301
MON_Hasdeo_Full_2022_10_first_event.tif,Hasdeo_JPEG_Dataset,MON_Hasdeo_Full_2022_10_first_event,Hasdeo_Full,monthly,first_event,2022-10-01,2022-11-01,10,3CMSIIXR35PNTDMQI3PRQGV3,30,"B4,B3,B2 (RGB visualised)",EPSG:32644,2026-02-21T10:49:21.420031
MON_Hasdeo_Full_2022_11_first_event.tif,Hasdeo_JPEG_Dataset,MON_Hasdeo_Full_2022_11_first_event,Hasdeo_Full,monthly,first_event,2022-11-01,2022-12-01,22,QMFB3O2YJRP5LFGGV5BCBBV5,30,"B4,B3,B2 (RGB visualised)",EPSG:32644,2026-02-21T10:49:23.057393
MON_Hasdeo_Full_2022_12_first_event.tif,Hasdeo_JPEG_Dataset,MON_Hasdeo_Full_2022_12_first_event,Hasdeo_Full,monthly,first_event,2022-12-01,2023-01-01,23,Y66VFIN5LWHKNUJJYYFYBMEL,30,"B4,B3,B2 (RGB visualised)",EPSG:32644,2026-02-21T10:49:27.872985
MON_Hasdeo_Full_2023_01_first_event.tif,Hasdeo_JPEG_Dataset,MON_Hasdeo_Full_2023_01_first_event,Hasdeo_Full,monthly,first_event,2023-01-01,2023-02-01,20,KFLBGBB7PSVBQXA2WVPXPRAW,30,"B4,B3,B2 (RGB visualised)",EPSG:32644,2026-02-21T10:49:29.714952
MON_Hasdeo_Full_2023_02_first_event.tif,Hasdeo_JPEG_Dataset,MON_Hasdeo_Full_2023_02_first_event,Hasdeo_Full,monthly,first_event,2023-02-01,2023-03-01,20,IUEJMDSEUEQBF6OTWZTDDE5G,30,"B4,B3,B2 (RGB visualised)",EPSG:32644,2026-02-21T10:49:31.256115
MON_Hasdeo_Full_2023_03_first_event.tif,Hasdeo_JPEG_Dataset,MON_Hasdeo_Full_2023_03_first_event,Hasdeo_Full,monthly,first_event,2023-03-01,2023-04-01,20,NDTBILRJZBDYENBSSOI44FAK,30,"B4,B3,B2 (RGB visualised)",EPSG:32644,2026-02-21T10:49:34.006326
MON_Hasdeo_Full_2023_04_first_event.tif,Hasdeo_JPEG_Dataset,MON_Hasdeo_Full_2023_04_first_event,Hasdeo_Full,monthly,first_event,2023-04-01,2023-05-01,3,VLLX6VD3SHE6UFESLWLFJF5J,30,"B4,B3,B2 (RGB visualised)",EPSG:32644,2026-02-21T10:49:36.164240
MON_Hasdeo_Full_2023_05_first_event.tif,Hasdeo_JPEG_Dataset,MON_Hasdeo_Full_2023_05_first_event,Hasdeo_Full,monthly,first_event,2023-05-01,2023-06-01,17,KDB7OHNKENSSDKB6H7NFDNJR,30,"B4,B3,B2 (RGB visualised)",EPSG:32644,2026-02-21T10:49:37.701318
MON_Hasdeo_Full_2023_06_first_event.tif,Hasdeo_JPEG_Dataset,MON_Hasdeo_Full_2023_06_first_event,Hasdeo_Full,monthly,first_event,2023-06-01,2023-07-01,4,N5OMNHXNXDAYPAQT3WAPX3GY,30,"B4,B3,B2 (RGB visualised)",EPSG:32644,2026-02-21T10:49:41.285457
MON_Hasdeo_Full_2023_08_first_event.tif,Hasdeo_JPEG_Dataset,MON_Hasdeo_Full_2023_08_first_event,Hasdeo_Full,monthly,first_event,2023-08-01,2023-09-01,1,BEAJN4EUBN26UIA2LC7WMXPX,30,"B4,B3,B2 (RGB visualised)",EPSG:32644,2026-02-21T10:49:44.868766
MON_Hasdeo_Full_2023_10_first_event.tif,Hasdeo_JPEG_Dataset,MON_Hasdeo_Full_2023_10_first_event,Hasdeo_Full,monthly,first_event,2023-10-01,2023-11-01,17,36MVUKND7SRIIPCBIOVWXLBR,30,"B4,B3,B2 (RGB visualised)",EPSG:32644,2026-02-21T10:49:48.964851
MON_Hasdeo_Full_2023_11_first_event.tif,Hasdeo_JPEG_Dataset,MON_Hasdeo_Full_2023_11_first_event,Hasdeo_Full,monthly,first_event,2023-11-01,2023-12-01,24,BT3FIZBDDLSHW24H4TNG4POH,30,"B4,B3,B2 (RGB visualised)",EPSG:32644,2026-02-21T10:49:52.958488
MON_Hasdeo_Full_2023_12_first_event.tif,Hasdeo_JPEG_Dataset,MON_Hasdeo_Full_2023_12_first_event,Hasdeo_Full,monthly,first_event,2023-12-01,2024-01-01,18,MFIMV75PCQRH2ZAPBBDWMIT6,30,"B4,B3,B2 (RGB visualised)",EPSG:32644,2026-02-21T10:50:00.797943
MON_Hasdeo_North_2018_01_first_event.tif,Hasdeo_JPEG_Dataset,MON_Hasdeo_North_2018_01_first_event,Hasdeo_North,monthly,first_event,2018-01-01,2018-02-01,6,A3RQV6UE6WMOIZWM2CWPWDAQ,30,"B4,B3,B2 (RGB visualised)",EPSG:32644,2026-02-21T10:50:03.404107
MON_Hasdeo_North_2018_02_first_event.tif,Hasdeo_JPEG_Dataset,MON_Hasdeo_North_2018_02_first_event,Hasdeo_North,monthly,first_event,2018-02-01,2018-03-01,1,JKI6YX4F3K2AWT2H247L5WOI,30,"B4,B3,B2 (RGB visualised)",EPSG:32644,2026-02-21T10:50:06.889587
MON_Hasdeo_North_2018_03_first_event.tif,Hasdeo_JPEG_Dataset,MON_Hasdeo_North_2018_03_first_event,Hasdeo_North,monthly,first_event,2018-03-01,2018-04-01,3,5F5ADUAHP47SKVZD4ZOKU5PK,30,"B4,B3,B2 (RGB visualised)",EPSG:32644,2026-02-21T10:50:09.855062
MON_Hasdeo_North_2018_04_first_event.tif,Hasdeo_JPEG_Dataset,MON_Hasdeo_North_2018_04_first_event,Hasdeo_North,monthly,first_event,2018-04-01,2018-05-01,2,RJKCIZHU6YCM27343GSZHPLL,30,"B4,B3,B2 (RGB visualised)",EPSG:32644,2026-02-21T10:50:11.598281
MON_Hasdeo_North_2018_10_first_event.tif,Hasdeo_JPEG_Dataset,MON_Hasdeo_North_2018_10_first_event,Hasdeo_North,monthly,first_event,2018-10-01,2018-11-01,1,46MTLX33IJVM65I5FQ6S7DHB,30,"B4,B3,B2 (RGB visualised)",EPSG:32644,2026-02-21T10:50:20.606534
MON_Hasdeo_North_2018_11_first_event.tif,Hasdeo_JPEG_Dataset,MON_Hasdeo_North_2018_11_first_event,Hasdeo_North,monthly,first_event,2018-11-01,2018-12-01,7,G3HS3LJWRLQKVAVEVYQDO77M,30,"B4,B3,B2 (RGB visualised)",EPSG:32644,2026-02-21T10:50:22.191295
MON_Hasdeo_North_2018_12_first_event.tif,Hasdeo_JPEG_Dataset,MON_Hasdeo_North_2018_12_first_event,Hasdeo_North,monthly,first_event,2018-12-01,2019-01-01,6,WXFFH536I5OVF754HMJWMV3N,30,"B4,B3,B2 (RGB visualised)",EPSG:32644,2026-02-21T10:50:26.032516
MON_Hasdeo_North_2019_01_first_event.tif,Hasdeo_JPEG_Dataset,MON_Hasdeo_North_2019_01_first_event,Hasdeo_North,monthly,first_event,2019-01-01,2019-02-01,12,PO7LWPQX5ZXYZJFLSPXJ5LVF,30,"B4,B3,B2 (RGB visualised)",EPSG:32644,2026-02-21T10:50:31.563301
MON_Hasdeo_North_2019_02_first_event.tif,Hasdeo_JPEG_Dataset,MON_Hasdeo_North_2019_02_first_event,Hasdeo_North,monthly,first_event,2019-02-01,2019-03-01,7,5WZY7HL3IDHIPNS3SRVNEUY5,30,"B4,B3,B2 (RGB visualised)",EPSG:32644,2026-02-21T10:50:34.942893
MON_Hasdeo_North_2019_03_first_event.tif,Hasdeo_JPEG_Dataset,MON_Hasdeo_North_2019_03_first_event,Hasdeo_North,monthly,first_event,2019-03-01,2019-04-01,10,GZORLZ2U272GJQMNSU2K3BTO,30,"B4,B3,B2 (RGB visualised)",EPSG:32644,2026-02-21T10:50:37.197894
MON_Hasdeo_North_2019_04_first_event.tif,Hasdeo_JPEG_Dataset,MON_Hasdeo_North_2019_04_first_event,Hasdeo_North,monthly,first_event,2019-04-01,2019-05-01,7,TVHZMD6IWOK2MNUWJYANIQKZ,30,"B4,B3,B2 (RGB visualised)",EPSG:32644,2026-02-21T10:50:39.141110
MON_Hasdeo_North_2019_05_first_event.tif,Hasdeo_JPEG_Dataset,MON_Hasdeo_North_2019_05_first_event,Hasdeo_North,monthly,first_event,2019-05-01,2019-06-01,10,MZYWLHMCMZNAT6ZW42KQTMRH,30,"B4,B3,B2 (RGB visualised)",EPSG:32644,2026-02-21T10:50:41.395749
MON_Hasdeo_North_2019_06_first_event.tif,Hasdeo_JPEG_Dataset,MON_Hasdeo_North_2019_06_first_event,Hasdeo_North,monthly,first_event,2019-06-01,2019-07-01,4,CMHN2HSP7ENC3X2NUNLBYZ4L,30,"B4,B3,B2 (RGB visualised)",EPSG:32644,2026-02-21T10:50:44.702693
MON_Hasdeo_North_2019_10_first_event.tif,Hasdeo_JPEG_Dataset,MON_Hasdeo_North_2019_10_first_event,Hasdeo_North,monthly,first_event,2019-10-01,2019-11-01,3,V3LSZJT3Z5A3OTIXWIZNU45Q,30,"B4,B3,B2 (RGB visualised)",EPSG:32644,2026-02-21T10:51:11.091056
MON_Hasdeo_North_2019_11_first_event.tif,Hasdeo_JPEG_Dataset,MON_Hasdeo_North_2019_11_first_event,Hasdeo_North,monthly,first_event,2019-11-01,2019-12-01,11,SYFQGLZKMRWVRFPQQPNSJXIH,30,"B4,B3,B2 (RGB visualised)",EPSG:32644,2026-02-21T10:51:14.777143
MON_Hasdeo_North_2019_12_first_event.tif,Hasdeo_JPEG_Dataset,MON_Hasdeo_North_2019_12_first_event,Hasdeo_North,monthly,first_event,2019-12-01,2020-01-01,7,PFFPKNMMWUWHRBGA2465DOX6,30,"B4,B3,B2 (RGB visualised)",EPSG:32644,2026-02-21T10:51:17.733643
MON_Hasdeo_North_2020_01_first_event.tif,Hasdeo_JPEG_Dataset,MON_Hasdeo_North_2020_01_first_event,Hasdeo_North,monthly,first_event,2020-01-01,2020-02-01,12,IJ6LNFP3VMIVNZN7KDOEL4DL,30,"B4,B3,B2 (RGB visualised)",EPSG:32644,2026-02-21T10:51:20.407202
MON_Hasdeo_North_2020_02_first_event.tif,Hasdeo_JPEG_Dataset,MON_Hasdeo_North_2020_02_first_event,Hasdeo_North,monthly,first_event,2020-02-01,2020-03-01,4,PN2LZ5T5OWHXDWZWGTJ3VSPD,30,"B4,B3,B2 (RGB visualised)",EPSG:32644,2026-02-21T10:51:23.550406
MON_Hasdeo_North_2020_03_first_event.tif,Hasdeo_JPEG_Dataset,MON_Hasdeo_North_2020_03_first_event,Hasdeo_North,monthly,first_event,2020-03-01,2020-04-01,6,RHFRKAGL3RJ3NAWATXEJDWW3,30,"B4,B3,B2 (RGB visualised)",EPSG:32644,2026-02-21T10:51:27.472935
MON_Hasdeo_North_2020_04_first_event.tif,Hasdeo_JPEG_Dataset,MON_Hasdeo_North_2020_04_first_event,Hasdeo_North,monthly,first_event,2020-04-01,2020-05-01,8,2PSTQJBK7W5WBWP26SOSPHZ5,30,"B4,B3,B2 (RGB visualised)",EPSG:32644,2026-02-21T10:51:31.883213
MON_Hasdeo_North_2020_05_first_event.tif,Hasdeo_JPEG_Dataset,MON_Hasdeo_North_2020_05_first_event,Hasdeo_North,monthly,first_event,2020-05-01,2020-06-01,6,4RFLTKWUEM3LENOKZM6QDEXY,30,"B4,B3,B2 (RGB visualised)",EPSG:32644,2026-02-21T10:51:34.949197
MON_Hasdeo_North_2020_06_first_event.tif,Hasdeo_JPEG_Dataset,MON_Hasdeo_North_2020_06_first_event,Hasdeo_North,monthly,first_event,2020-06-01,2020-07-01,2,ROGNMMRQWMOTR3QMH6GCHMKH,30,"B4,B3,B2 (RGB visualised)",EPSG:32644,2026-02-21T10:51:37.407337
MON_Hasdeo_North_2020_09_first_event.tif,Hasdeo_JPEG_Dataset,MON_Hasdeo_North_2020_09_first_event,Hasdeo_North,monthly,first_event,2020-09-01,2020-10-01,2,OGSKP453PV4C6IOOWEVXGTAP,30,"B4,B3,B2 (RGB visualised)",EPSG:32644,2026-02-21T10:51:43.756409
MON_Hasdeo_North_2020_10_first_event.tif,Hasdeo_JPEG_Dataset,MON_Hasdeo_North_2020_10_first_event,Hasdeo_North,monthly,first_event,2020-10-01,2020-11-01,5,WG7QCH5ITKAF5JVX56O7SUR3,30,"B4,B3,B2 (RGB visualised)",EPSG:32644,2026-02-21T10:51:46.316540
MON_Hasdeo_North_2020_11_first_event.tif,Hasdeo_JPEG_Dataset,MON_Hasdeo_North_2020_11_first_event,Hasdeo_North,monthly,first_event,2020-11-01,2020-12-01,9,BHWHYO73I5GL3PJ776PXT2FD,30,"B4,B3,B2 (RGB visualised)",EPSG:32644,2026-02-21T10:51:48.466786
MON_Hasdeo_North_2020_12_first_event.tif,Hasdeo_JPEG_Dataset,MON_Hasdeo_North_2020_12_first_event,Hasdeo_North,monthly,first_event,2020-12-01,2021-01-01,11,QVHDERFM273UGPGRA27ARDGU,30,"B4,B3,B2 (RGB visualised)",EPSG:32644,2026-02-21T10:51:51.335801
MON_Hasdeo_North_2021_01_first_event.tif,Hasdeo_JPEG_Dataset,MON_Hasdeo_North_2021_01_first_event,Hasdeo_North,monthly,first_event,2021-01-01,2021-02-01,10,7TIFTEXDEDQ6PKARDR6PYLRN,30,"B4,B3,B2 (RGB visualised)",EPSG:32644,2026-02-21T10:51:53.429769
MON_Hasdeo_North_2021_02_first_event.tif,Hasdeo_JPEG_Dataset,MON_Hasdeo_North_2021_02_first_event,Hasdeo_North,monthly,first_event,2021-02-01,2021-03-01,9,IG6QIVDXJI27V4FFWIP53ARD,30,"B4,B3,B2 (RGB visualised)",EPSG:32644,2026-02-21T10:51:56.147758
MON_Hasdeo_North_2021_03_first_event.tif,Hasdeo_JPEG_Dataset,MON_Hasdeo_North_2021_03_first_event,Hasdeo_North,monthly,first_event,2021-03-01,2021-04-01,12,ZDT5QP5IFYKC66GSC7HJ6W45,30,"B4,B3,B2 (RGB visualised)",EPSG:32644,2026-02-21T10:51:58.500460
MON_Hasdeo_North_2021_04_first_event.tif,Hasdeo_JPEG_Dataset,MON_Hasdeo_North_2021_04_first_event,Hasdeo_North,monthly,first_event,2021-04-01,2021-05-01,10,YJVSR7J5TKNJBX7L56OIAQGL,30,"B4,B3,B2 (RGB visualised)",EPSG:32644,2026-02-21T10:51:59.970309
MON_Hasdeo_North_2021_05_first_event.tif,Hasdeo_JPEG_Dataset,MON_Hasdeo_North_2021_05_first_event,Hasdeo_North,monthly,first_event,2021-05-01,2021-06-01,4,SK3GAD7HLETZMQ7X2QHBBNDC,30,"B4,B3,B2 (RGB visualised)",EPSG:32644,2026-02-21T10:52:02.903536
MON_Hasdeo_North_2021_07_first_event.tif,Hasdeo_JPEG_Dataset,MON_Hasdeo_North_2021_07_first_event,Hasdeo_North,monthly,first_event,2021-07-01,2021-08-01,1,IKJZP5WBEPDG6C5HZTES4LIX,30,"B4,B3,B2 (RGB visualised)",EPSG:32644,2026-02-21T10:52:07.206627
MON_Hasdeo_North_2021_10_first_event.tif,Hasdeo_JPEG_Dataset,MON_Hasdeo_North_2021_10_first_event,Hasdeo_North,monthly,first_event,2021-10-01,2021-11-01,9,MTWR4B6WXXUE3PW44FF6633Y,30,"B4,B3,B2 (RGB visualised)",EPSG:32644,2026-02-21T10:52:11.319147
MON_Hasdeo_North_2021_11_first_event.tif,Hasdeo_JPEG_Dataset,MON_Hasdeo_North_2021_11_first_event,Hasdeo_North,monthly,first_event,2021-11-01,2021-12-01,8,M445EGSZNYY3S6YNAOBYEJ3D,30,"B4,B3,B2 (RGB visualised)",EPSG:32644,2026-02-21T10:52:13.098832
MON_Hasdeo_North_2021_12_first_event.tif,Hasdeo_JPEG_Dataset,MON_Hasdeo_North_2021_12_first_event,Hasdeo_North,monthly,first_event,2021-12-01,2022-01-01,11,TBIHW454DSPGQHPGZ7JD3NLY,30,"B4,B3,B2 (RGB visualised)",EPSG:32644,2026-02-21T10:52:15.636283
MON_Hasdeo_North_2022_01_first_event.tif,Hasdeo_JPEG_Dataset,MON_Hasdeo_North_2022_01_first_event,Hasdeo_North,monthly,first_event,2022-01-01,2022-02-01,7,SQ27MRTYK5YYNRTWKU6DMIDN,30,"B4,B3,B2 (RGB visualised)",EPSG:32644,2026-02-21T10:52:18.674171
MON_Hasdeo_North_2022_02_first_event.tif,Hasdeo_JPEG_Dataset,MON_Hasdeo_North_2022_02_first_event,Hasdeo_North,monthly,first_event,2022-02-01,2022-03-01,8,62JSHMHECGXVJFXG4GNLRP2Z,30,"B4,B3,B2 (RGB visualised)",EPSG:32644,2026-02-21T10:52:22.342947
MON_Hasdeo_North_2022_03_second_event.tif,Hasdeo_JPEG_Dataset,MON_Hasdeo_North_2022_03_second_event,Hasdeo_North,monthly,second_event,2022-03-01,2022-04-01,14,LO7C5W2QXFPHWPVKCKD7UXQY,30,"B4,B3,B2 (RGB visualised)",EPSG:32644,2026-02-21T10:52:23.940135
MON_Hasdeo_North_2022_04_second_event.tif,Hasdeo_JPEG_Dataset,MON_Hasdeo_North_2022_04_second_event,Hasdeo_North,monthly,second_event,2022-04-01,2022-05-01,11,CE4SABRYRYH5UPHPLLD3KCV6,30,"B4,B3,B2 (RGB visualised)",EPSG:32644,2026-02-21T10:52:26.045730
MON_Hasdeo_North_2022_05_first_event.tif,Hasdeo_JPEG_Dataset,MON_Hasdeo_North_2022_05_first_event,Hasdeo_North,monthly,first_event,2022-05-01,2022-06-01,9,ONDXG2D3G5JX3AUF5MCTQG5X,30,"B4,B3,B2 (RGB visualised)",EPSG:32644,2026-02-21T10:52:28.913224
MON_Hasdeo_North_2022_10_first_event.tif,Hasdeo_JPEG_Dataset,MON_Hasdeo_North_2022_10_first_event,Hasdeo_North,monthly,first_event,2022-10-01,2022-11-01,5,R2UM5RAEJBFNIKDP42LLGHEZ,30,"B4,B3,B2 (RGB visualised)",EPSG:32644,2026-02-21T10:52:41.817765
MON_Hasdeo_North_2022_11_first_event.tif,Hasdeo_JPEG_Dataset,MON_Hasdeo_North_2022_11_first_event,Hasdeo_North,monthly,first_event,2022-11-01,2022-12-01,10,DC2FKZQBT6E2AANZXALAVE4U,30,"B4,B3,B2 (RGB visualised)",EPSG:32644,2026-02-21T10:52:48.465076
MON_Hasdeo_North_2022_12_first_event.tif,Hasdeo_JPEG_Dataset,MON_Hasdeo_North_2022_12_first_event,Hasdeo_North,monthly,first_event,2022-12-01,2023-01-01,11,VXGJGGCHLOCXQRWQZA6SX3DY,30,"B4,B3,B2 (RGB visualised)",EPSG:32644,2026-02-21T10:52:52.160335
MON_Hasdeo_North_2023_01_first_event.tif,Hasdeo_JPEG_Dataset,MON_Hasdeo_North_2023_01_first_event,Hasdeo_North,monthly,first_event,2023-01-01,2023-02-01,10,7IU2PAG3GKABELP2JAAJ3OZF,30,"B4,B3,B2 (RGB visualised)",EPSG:32644,2026-02-21T10:52:55.027451
MON_Hasdeo_North_2023_02_first_event.tif,Hasdeo_JPEG_Dataset,MON_Hasdeo_North_2023_02_first_event,Hasdeo_North,monthly,first_event,2023-02-01,2023-03-01,10,W6VWZPJOH6EPS4A3NETY7NLQ,30,"B4,B3,B2 (RGB visualised)",EPSG:32644,2026-02-21T10:53:04.003059
MON_Hasdeo_North_2023_03_first_event.tif,Hasdeo_JPEG_Dataset,MON_Hasdeo_North_2023_03_first_event,Hasdeo_North,monthly,first_event,2023-03-01,2023-04-01,9,MFLBNFAI3757X5C6H7WQD6IO,30,"B4,B3,B2 (RGB visualised)",EPSG:32644,2026-02-21T10:53:05.680920
MON_Hasdeo_North_2023_04_first_event.tif,Hasdeo_JPEG_Dataset,MON_Hasdeo_North_2023_04_first_event,Hasdeo_North,monthly,first_event,2023-04-01,2023-05-01,1,WFNAQVJM43WCJUOE2ZAATYRE,30,"B4,B3,B2 (RGB visualised)",EPSG:32644,2026-02-21T10:53:08.235839
MON_Hasdeo_North_2023_05_first_event.tif,Hasdeo_JPEG_Dataset,MON_Hasdeo_North_2023_05_first_event,Hasdeo_North,monthly,first_event,2023-05-01,2023-06-01,7,BWLB52BU5IDG5SUWECSJZZDZ,30,"B4,B3,B2 (RGB visualised)",EPSG:32644,2026-02-21T10:53:12.231196
MON_Hasdeo_North_2023_06_first_event.tif,Hasdeo_JPEG_Dataset,MON_Hasdeo_North_2023_06_first_event,Hasdeo_North,monthly,first_event,2023-06-01,2023-07-01,2,3OUQTIBXCKTDLG5RBC6KDXFJ,30,"B4,B3,B2 (RGB visualised)",EPSG:32644,2026-02-21T10:53:23.186288
MON_Hasdeo_North_2023_10_first_event.tif,Hasdeo_JPEG_Dataset,MON_Hasdeo_North_2023_10_first_event,Hasdeo_North,monthly,first_event,2023-10-01,2023-11-01,8,NWCDKCSY2BUTOBCH4UU222P5,30,"B4,B3,B2 (RGB visualised)",EPSG:32644,2026-02-21T10:53:33.528798
MON_Hasdeo_North_2023_11_first_event.tif,Hasdeo_JPEG_Dataset,MON_Hasdeo_North_2023_11_first_event,Hasdeo_North,monthly,first_event,2023-11-01,2023-12-01,10,YWR5IDPAIW4L3DQH4BJPX2T6,30,"B4,B3,B2 (RGB visualised)",EPSG:32644,2026-02-21T10:53:37.729453
MON_Hasdeo_North_2023_12_first_event.tif,Hasdeo_JPEG_Dataset,MON_Hasdeo_North_2023_12_first_event,Hasdeo_North,monthly,first_event,2023-12-01,2024-01-01,9,N4ZOYSKFGERV4UREBY3EFO4X,30,"B4,B3,B2 (RGB visualised)",EPSG:32644,2026-02-21T10:53:41.722174
MON_Hasdeo_South_2018_01_first_event.tif,Hasdeo_JPEG_Dataset,MON_Hasdeo_South_2018_01_first_event,Hasdeo_South,monthly,first_event,2018-01-01,2018-02-01,16,TCIXG3CHIORDJT4JJBG2R3PY,30,"B4,B3,B2 (RGB visualised)",EPSG:32644,2026-02-21T10:53:43.667015
MON_Hasdeo_South_2018_02_first_event.tif,Hasdeo_JPEG_Dataset,MON_Hasdeo_South_2018_02_first_event,Hasdeo_South,monthly,first_event,2018-02-01,2018-03-01,3,I7PA56E7V5AQWLZIXNYOEZAW,30,"B4,B3,B2 (RGB visualised)",EPSG:32644,2026-02-21T10:53:45.593123
MON_Hasdeo_South_2018_03_first_event.tif,Hasdeo_JPEG_Dataset,MON_Hasdeo_South_2018_03_first_event,Hasdeo_South,monthly,first_event,2018-03-01,2018-04-01,8,GHSC6FSOXJ3PLIZVZDJRN66E,30,"B4,B3,B2 (RGB visualised)",EPSG:32644,2026-02-21T10:53:53.189771
MON_Hasdeo_South_2018_04_first_event.tif,Hasdeo_JPEG_Dataset,MON_Hasdeo_South_2018_04_first_event,Hasdeo_South,monthly,first_event,2018-04-01,2018-05-01,3,XLHSKZOO6C6LQVS4CU2T24KD,30,"B4,B3,B2 (RGB visualised)",EPSG:32644,2026-02-21T10:53:57.593848
MON_Hasdeo_South_2018_10_first_event.tif,Hasdeo_JPEG_Dataset,MON_Hasdeo_South_2018_10_first_event,Hasdeo_South,monthly,first_event,2018-10-01,2018-11-01,1,KKPOMKQ4ABXJHACI7L42YINA,30,"B4,B3,B2 (RGB visualised)",EPSG:32644,2026-02-21T10:54:11.994313
MON_Hasdeo_South_2018_11_first_event.tif,Hasdeo_JPEG_Dataset,MON_Hasdeo_South_2018_11_first_event,Hasdeo_South,monthly,first_event,2018-11-01,2018-12-01,12,XBJN5BXZKGCRDKW2WC7OYXNH,30,"B4,B3,B2 (RGB visualised)",EPSG:32644,2026-02-21T10:54:14.243500
MON_Hasdeo_South_2018_12_first_event.tif,Hasdeo_JPEG_Dataset,MON_Hasdeo_South_2018_12_first_event,Hasdeo_South,monthly,first_event,2018-12-01,2019-01-01,10,FOXWPWMEMDQCZIRXIXHYVC3D,30,"B4,B3,B2 (RGB visualised)",EPSG:32644,2026-02-21T10:54:16.846421
MON_Hasdeo_South_2019_01_first_event.tif,Hasdeo_JPEG_Dataset,MON_Hasdeo_South_2019_01_first_event,Hasdeo_South,monthly,first_event,2019-01-01,2019-02-01,24,EGC4SO27KKD7EEVCVNAKG7LS,30,"B4,B3,B2 (RGB visualised)",EPSG:32644,2026-02-21T10:54:21.762236
MON_Hasdeo_South_2019_02_first_event.tif,Hasdeo_JPEG_Dataset,MON_Hasdeo_South_2019_02_first_event,Hasdeo_South,monthly,first_event,2019-02-01,2019-03-01,15,LHUJICWTGSYNIRWINJ5E5Y3C,30,"B4,B3,B2 (RGB visualised)",EPSG:32644,2026-02-21T10:54:24.422193
MON_Hasdeo_South_2019_03_first_event.tif,Hasdeo_JPEG_Dataset,MON_Hasdeo_South_2019_03_first_event,Hasdeo_South,monthly,first_event,2019-03-01,2019-04-01,22,QBENG2J443TDXE3BQEK67ZOX,30,"B4,B3,B2 (RGB visualised)",EPSG:32644,2026-02-21T10:54:29.133265
MON_Hasdeo_South_2019_04_first_event.tif,Hasdeo_JPEG_Dataset,MON_Hasdeo_South_2019_04_first_event,Hasdeo_South,monthly,first_event,2019-04-01,2019-05-01,16,DTX6G3QDR65ZIVIBUPZF7JYQ,30,"B4,B3,B2 (RGB visualised)",EPSG:32644,2026-02-21T10:54:33.023840
MON_Hasdeo_South_2019_05_first_event.tif,Hasdeo_JPEG_Dataset,MON_Hasdeo_South_2019_05_first_event,Hasdeo_South,monthly,first_event,2019-05-01,2019-06-01,24,FRXTKHLFBARIOSEUMA4ONMQD,30,"B4,B3,B2 (RGB visualised)",EPSG:32644,2026-02-21T10:54:36.303811
MON_Hasdeo_South_2019_06_first_event.tif,Hasdeo_JPEG_Dataset,MON_Hasdeo_South_2019_06_first_event,Hasdeo_South,monthly,first_event,2019-06-01,2019-07-01,8,22UEP5YRHGKQNLNBZ7C7R6FQ,30,"B4,B3,B2 (RGB visualised)",EPSG:32644,2026-02-21T10:54:38.143670
MON_Hasdeo_South_2019_10_first_event.tif,Hasdeo_JPEG_Dataset,MON_Hasdeo_South_2019_10_first_event,Hasdeo_South,monthly,first_event,2019-10-01,2019-11-01,6,W63MLTJXSQR6HXJMCNSDFA7T,30,"B4,B3,B2 (RGB visualised)",EPSG:32644,2026-02-21T10:54:50.129945
MON_Hasdeo_South_2019_11_first_event.tif,Hasdeo_JPEG_Dataset,MON_Hasdeo_South_2019_11_first_event,Hasdeo_South,monthly,first_event,2019-11-01,2019-12-01,22,7JPXXFGVPZPPISY6TNB3KUUJ,30,"B4,B3,B2 (RGB visualised)",EPSG:32644,2026-02-21T10:54:52.276101
MON_Hasdeo_South_2019_12_first_event.tif,Hasdeo_JPEG_Dataset,MON_Hasdeo_South_2019_12_first_event,Hasdeo_South,monthly,first_event,2019-12-01,2020-01-01,14,TT6AYPXFO54QKAFAIWFRZH64,30,"B4,B3,B2 (RGB visualised)",EPSG:32644,2026-02-21T10:54:55.601639
MON_Hasdeo_South_2020_01_first_event.tif,Hasdeo_JPEG_Dataset,MON_Hasdeo_South_2020_01_first_event,Hasdeo_South,monthly,first_event,2020-01-01,2020-02-01,24,KQUWFX4NMGGTPFQXA6WRCOBT,30,"B4,B3,B2 (RGB visualised)",EPSG:32644,2026-02-21T10:54:57.499086
MON_Hasdeo_South_2020_02_first_event.tif,Hasdeo_JPEG_Dataset,MON_Hasdeo_South_2020_02_first_event,Hasdeo_South,monthly,first_event,2020-02-01,2020-03-01,9,YUB5D3WWVY23YBL7DHZOTB4N,30,"B4,B3,B2 (RGB visualised)",EPSG:32644,2026-02-21T10:55:00.507638
MON_Hasdeo_South_2020_03_first_event.tif,Hasdeo_JPEG_Dataset,MON_Hasdeo_South_2020_03_first_event,Hasdeo_South,monthly,first_event,2020-03-01,2020-04-01,12,RTQL7RDZ5PYWSSNUT3N2VYZL,30,"B4,B3,B2 (RGB visualised)",EPSG:32644,2026-02-21T10:55:03.949685
MON_Hasdeo_South_2020_04_first_event.tif,Hasdeo_JPEG_Dataset,MON_Hasdeo_South_2020_04_first_event,Hasdeo_South,monthly,first_event,2020-04-01,2020-05-01,18,TKRCUWI6NDULNMY62MOR4IXQ,30,"B4,B3,B2 (RGB visualised)",EPSG:32644,2026-02-21T10:55:07.225284
MON_Hasdeo_South_2020_05_first_event.tif,Hasdeo_JPEG_Dataset,MON_Hasdeo_South_2020_05_first_event,Hasdeo_South,monthly,first_event,2020-05-01,2020-06-01,12,NSXNP4DWYJAMJH2PMZGV3IEA,30,"B4,B3,B2 (RGB visualised)",EPSG:32644,2026-02-21T10:55:10.943512
MON_Hasdeo_South_2020_06_first_event.tif,Hasdeo_JPEG_Dataset,MON_Hasdeo_South_2020_06_first_event,Hasdeo_South,monthly,first_event,2020-06-01,2020-07-01,4,YY42VWZAFUGMLT7YKG2K4FQT,30,"B4,B3,B2 (RGB visualised)",EPSG:32644,2026-02-21T10:55:13.472620
MON_Hasdeo_South_2020_09_first_event.tif,Hasdeo_JPEG_Dataset,MON_Hasdeo_South_2020_09_first_event,Hasdeo_South,monthly,first_event,2020-09-01,2020-10-01,4,KR7XXTYMYHB3CKEPMOV75TQP,30,"B4,B3,B2 (RGB visualised)",EPSG:32644,2026-02-21T10:55:18.291437
MON_Hasdeo_South_2020_10_first_event.tif,Hasdeo_JPEG_Dataset,MON_Hasdeo_South_2020_10_first_event,Hasdeo_South,monthly,first_event,2020-10-01,2020-11-01,7,KDNRXKG6QC2YLZCCUC6AFE57,30,"B4,B3,B2 (RGB visualised)",EPSG:32644,2026-02-21T10:55:20.648037
MON_Hasdeo_South_2020_11_first_event.tif,Hasdeo_JPEG_Dataset,MON_Hasdeo_South_2020_11_first_event,Hasdeo_South,monthly,first_event,2020-11-01,2020-12-01,16,QM2HBAETFO3ZQWL3K3BACT5H,30,"B4,B3,B2 (RGB visualised)",EPSG:32644,2026-02-21T10:55:22.749041
MON_Hasdeo_South_2020_12_first_event.tif,Hasdeo_JPEG_Dataset,MON_Hasdeo_South_2020_12_first_event,Hasdeo_South,monthly,first_event,2020-12-01,2021-01-01,25,4WPDXTVP2PC23VWJZTDURS74,30,"B4,B3,B2 (RGB visualised)",EPSG:32644,2026-02-21T10:55:25.046730
MON_Hasdeo_South_2021_01_first_event.tif,Hasdeo_JPEG_Dataset,MON_Hasdeo_South_2021_01_first_event,Hasdeo_South,monthly,first_event,2021-01-01,2021-02-01,20,W5CVID6CGRPCR3LVJTDVGWRN,30,"B4,B3,B2 (RGB visualised)",EPSG:32644,2026-02-21T10:55:28.219373
MON_Hasdeo_South_2021_02_first_event.tif,Hasdeo_JPEG_Dataset,MON_Hasdeo_South_2021_02_first_event,Hasdeo_South,monthly,first_event,2021-02-01,2021-03-01,20,ZPWSTKKROI7M6GS7ZPPLS73I,30,"B4,B3,B2 (RGB visualised)",EPSG:32644,2026-02-21T10:55:30.470585
MON_Hasdeo_South_2021_03_first_event.tif,Hasdeo_JPEG_Dataset,MON_Hasdeo_South_2021_03_first_event,Hasdeo_South,monthly,first_event,2021-03-01,2021-04-01,24,6KGOXHBXHPIWYI7MPOG7XA2V,30,"B4,B3,B2 (RGB visualised)",EPSG:32644,2026-02-21T10:55:32.211495
MON_Hasdeo_South_2021_04_first_event.tif,Hasdeo_JPEG_Dataset,MON_Hasdeo_South_2021_04_first_event,Hasdeo_South,monthly,first_event,2021-04-01,2021-05-01,20,7YF532WNBWXEHNGSR6X4T23Q,30,"B4,B3,B2 (RGB visualised)",EPSG:32644,2026-02-21T10:55:39.182038
MON_Hasdeo_South_2021_05_first_event.tif,Hasdeo_JPEG_Dataset,MON_Hasdeo_South_2021_05_first_event,Hasdeo_South,monthly,first_event,2021-05-01,2021-06-01,6,236SOHUPAHTP7FX6A5EY5MFJ,30,"B4,B3,B2 (RGB visualised)",EPSG:32644,2026-02-21T10:55:43.168243
MON_Hasdeo_South_2021_06_first_event.tif,Hasdeo_JPEG_Dataset,MON_Hasdeo_South_2021_06_first_event,Hasdeo_South,monthly,first_event,2021-06-01,2021-07-01,2,QGB24KKBSODBBQOAREB5445D,30,"B4,B3,B2 (RGB visualised)",EPSG:32644,2026-02-21T10:55:45.524652
MON_Hasdeo_South_2021_07_first_event.tif,Hasdeo_JPEG_Dataset,MON_Hasdeo_South_2021_07_first_event,Hasdeo_South,monthly,first_event,2021-07-01,2021-08-01,1,QXZMZD2D76PDMAW5GWWHZLN5,30,"B4,B3,B2 (RGB visualised)",EPSG:32644,2026-02-21T10:55:47.300585
MON_Hasdeo_South_2021_08_first_event.tif,Hasdeo_JPEG_Dataset,MON_Hasdeo_South_2021_08_first_event,Hasdeo_South,monthly,first_event,2021-08-01,2021-09-01,1,7HFRRJPPBTKECSWQXTK6FI6N,30,"B4,B3,B2 (RGB visualised)",EPSG:32644,2026-02-21T10:55:49.109258
MON_Hasdeo_South_2021_10_first_event.tif,Hasdeo_JPEG_Dataset,MON_Hasdeo_South_2021_10_first_event,Hasdeo_South,monthly,first_event,2021-10-01,2021-11-01,16,2YIB3YXQ55IXAYKMRYW5KX2C,30,"B4,B3,B2 (RGB visualised)",EPSG:32644,2026-02-21T10:55:52.229717
MON_Hasdeo_South_2021_11_first_event.tif,Hasdeo_JPEG_Dataset,MON_Hasdeo_South_2021_11_first_event,Hasdeo_South,monthly,first_event,2021-11-01,2021-12-01,15,H2XGEVHA3HOFKPGEQ5OQQ3TU,30,"B4,B3,B2 (RGB visualised)",EPSG:32644,2026-02-21T10:55:54.332531
MON_Hasdeo_South_2021_12_first_event.tif,Hasdeo_JPEG_Dataset,MON_Hasdeo_South_2021_12_first_event,Hasdeo_South,monthly,first_event,2021-12-01,2022-01-01,23,6TE7QQGMY462XRVZXMVE4YQV,30,"B4,B3,B2 (RGB visualised)",EPSG:32644,2026-02-21T10:56:03.615808
MON_Hasdeo_South_2022_01_first_event.tif,Hasdeo_JPEG_Dataset,MON_Hasdeo_South_2022_01_first_event,Hasdeo_South,monthly,first_event,2022-01-01,2022-02-01,13,MWA5P7IB5DU4N7QXWWCHWYND,30,"B4,B3,B2 (RGB visualised)",EPSG:32644,2026-02-21T10:56:06.751505
MON_Hasdeo_South_2022_02_first_event.tif,Hasdeo_JPEG_Dataset,MON_Hasdeo_South_2022_02_first_event,Hasdeo_South,monthly,first_event,2022-02-01,2022-03-01,16,F4ONWI65N73FGRTQZBRMB653,30,"B4,B3,B2 (RGB visualised)",EPSG:32644,2026-02-21T10:56:14.094683
MON_Hasdeo_South_2022_03_second_event.tif,Hasdeo_JPEG_Dataset,MON_Hasdeo_South_2022_03_second_event,Hasdeo_South,monthly,second_event,2022-03-01,2022-04-01,25,ZEZCFPRWYJIBXG77ZEZTVYVN,30,"B4,B3,B2 (RGB visualised)",EPSG:32644,2026-02-21T10:56:19.827978
MON_Hasdeo_South_2022_04_second_event.tif,Hasdeo_JPEG_Dataset,MON_Hasdeo_South_2022_04_second_event,Hasdeo_South,monthly,second_event,2022-04-01,2022-05-01,21,UB64ZYVFROWW5KT7CUVPJNMR,30,"B4,B3,B2 (RGB visualised)",EPSG:32644,2026-02-21T10:56:22.491029
MON_Hasdeo_South_2022_05_first_event.tif,Hasdeo_JPEG_Dataset,MON_Hasdeo_South_2022_05_first_event,Hasdeo_South,monthly,first_event,2022-05-01,2022-06-01,17,IGK5O2JRUACDJWFCBSRK3E6X,30,"B4,B3,B2 (RGB visualised)",EPSG:32644,2026-02-21T10:56:24.538125
MON_Hasdeo_South_2022_06_first_event.tif,Hasdeo_JPEG_Dataset,MON_Hasdeo_South_2022_06_first_event,Hasdeo_South,monthly,first_event,2022-06-01,2022-07-01,3,NLK4TIHJGBQVE5MORVQHEHGD,30,"B4,B3,B2 (RGB visualised)",EPSG:32644,2026-02-21T10:56:28.429185
MON_Hasdeo_South_2022_10_first_event.tif,Hasdeo_JPEG_Dataset,MON_Hasdeo_South_2022_10_first_event,Hasdeo_South,monthly,first_event,2022-10-01,2022-11-01,10,3ENF5K664RJCXTGBPDP55SCB,30,"B4,B3,B2 (RGB visualised)",EPSG:32644,2026-02-21T10:57:01.380124
MON_Hasdeo_South_2022_11_first_event.tif,Hasdeo_JPEG_Dataset,MON_Hasdeo_South_2022_11_first_event,Hasdeo_South,monthly,first_event,2022-11-01,2022-12-01,22,XI4PYT3QEUXRYQTZ3D7UTHJD,30,"B4,B3,B2 (RGB visualised)",EPSG:32644,2026-02-21T10:57:06.419739
MON_Hasdeo_South_2022_12_first_event.tif,Hasdeo_JPEG_Dataset,MON_Hasdeo_South_2022_12_first_event,Hasdeo_South,monthly,first_event,2022-12-01,2023-01-01,23,6NEFF4TZEGCBZABO2J35SWXZ,30,"B4,B3,B2 (RGB visualised)",EPSG:32644,2026-02-21T10:57:22.089073
MON_Hasdeo_South_2023_01_first_event.tif,Hasdeo_JPEG_Dataset,MON_Hasdeo_South_2023_01_first_event,Hasdeo_South,monthly,first_event,2023-01-01,2023-02-01,20,6NHFSFWSIXQI3O42FGWIN7I3,30,"B4,B3,B2 (RGB visualised)",EPSG:32644,2026-02-21T10:57:24.036292
MON_Hasdeo_South_2023_02_first_event.tif,Hasdeo_JPEG_Dataset,MON_Hasdeo_South_2023_02_first_event,Hasdeo_South,monthly,first_event,2023-02-01,2023-03-01,20,LUMUZWXC3NWR4MFHADD6YJ7I,30,"B4,B3,B2 (RGB visualised)",EPSG:32644,2026-02-21T10:57:26.698457
MON_Hasdeo_South_2023_03_first_event.tif,Hasdeo_JPEG_Dataset,MON_Hasdeo_South_2023_03_first_event,Hasdeo_South,monthly,first_event,2023-03-01,2023-04-01,20,MV6DEWZRO73BCFT32777BPP6,30,"B4,B3,B2 (RGB visualised)",EPSG:32644,2026-02-21T10:57:29.055703
MON_Hasdeo_South_2023_04_first_event.tif,Hasdeo_JPEG_Dataset,MON_Hasdeo_South_2023_04_first_event,Hasdeo_South,monthly,first_event,2023-04-01,2023-05-01,3,MJEYG62LDKCV3AE7525IC6EY,30,"B4,B3,B2 (RGB visualised)",EPSG:32644,2026-02-21T10:57:33.350609
MON_Hasdeo_South_2023_05_first_event.tif,Hasdeo_JPEG_Dataset,MON_Hasdeo_South_2023_05_first_event,Hasdeo_South,monthly,first_event,2023-05-01,2023-06-01,17,WQUAVSF4LR7XFD3EO62RX4LD,30,"B4,B3,B2 (RGB visualised)",EPSG:32644,2026-02-21T10:57:35.501882
MON_Hasdeo_South_2023_06_first_event.tif,Hasdeo_JPEG_Dataset,MON_Hasdeo_South_2023_06_first_event,Hasdeo_South,monthly,first_event,2023-06-01,2023-07-01,4,7VQIROLANWJ7PNS47FSESGML,30,"B4,B3,B2 (RGB visualised)",EPSG:32644,2026-02-21T10:57:38.267572
MON_Hasdeo_South_2023_08_first_event.tif,Hasdeo_JPEG_Dataset,MON_Hasdeo_South_2023_08_first_event,Hasdeo_South,monthly,first_event,2023-08-01,2023-09-01,1,E3ILERZHULUPQX3PRA5TWD2N,30,"B4,B3,B2 (RGB visualised)",EPSG:32644,2026-02-21T10:57:46.360518
MON_Hasdeo_South_2023_10_first_event.tif,Hasdeo_JPEG_Dataset,MON_Hasdeo_South_2023_10_first_event,Hasdeo_South,monthly,first_event,2023-10-01,2023-11-01,17,XXK2XW7SABU7VFWIAYR34NRN,30,"B4,B3,B2 (RGB visualised)",EPSG:32644,2026-02-21T10:57:57.695816
MON_Hasdeo_South_2023_11_first_event.tif,Hasdeo_JPEG_Dataset,MON_Hasdeo_South_2023_11_first_event,Hasdeo_South,monthly,first_event,2023-11-01,2023-12-01,24,QSHWFFYLBG4GRJGEMD3AMVMS,30,"B4,B3,B2 (RGB visualised)",EPSG:32644,2026-02-21T10:58:00.283723
MON_Hasdeo_South_2023_12_first_event.tif,Hasdeo_JPEG_Dataset,MON_Hasdeo_South_2023_12_first_event,Hasdeo_South,monthly,first_event,2023-12-01,2024-01-01,18,7C4RGDTCPG2EQX6RGC45ZQJI,30,"B4,B3,B2 (RGB visualised)",EPSG:32644,2026-02-21T10:58:03.558848
MON_Hasdeo_Core_2018_01_first_event.tif,Hasdeo_JPEG_Dataset,MON_Hasdeo_Core_2018_01_first_event,Hasdeo_Core,monthly,first_event,2018-01-01,2018-02-01,16,Z2MWOZLNJA7VFASOEO5XS7XW,30,"B4,B3,B2 (RGB visualised)",EPSG:32644,2026-02-21T10:58:07.246788
MON_Hasdeo_Core_2018_02_first_event.tif,Hasdeo_JPEG_Dataset,MON_Hasdeo_Core_2018_02_first_event,Hasdeo_Core,monthly,first_event,2018-02-01,2018-03-01,3,SAKTFKRBIXSQVMFLYQ4FKPXP,30,"B4,B3,B2 (RGB visualised)",EPSG:32644,2026-02-21T10:58:15.130578
MON_Hasdeo_Core_2018_03_first_event.tif,Hasdeo_JPEG_Dataset,MON_Hasdeo_Core_2018_03_first_event,Hasdeo_Core,monthly,first_event,2018-03-01,2018-04-01,8,STEJESNIVAYHDSR4W77CWTJQ,30,"B4,B3,B2 (RGB visualised)",EPSG:32644,2026-02-21T10:58:19.236559
MON_Hasdeo_Core_2018_04_first_event.tif,Hasdeo_JPEG_Dataset,MON_Hasdeo_Core_2018_04_first_event,Hasdeo_Core,monthly,first_event,2018-04-01,2018-05-01,3,YLXWJFJIE4RBRXNUU4VCOKOX,30,"B4,B3,B2 (RGB visualised)",EPSG:32644,2026-02-21T10:58:23.630953
MON_Hasdeo_Core_2018_10_first_event.tif,Hasdeo_JPEG_Dataset,MON_Hasdeo_Core_2018_10_first_event,Hasdeo_Core,monthly,first_event,2018-10-01,2018-11-01,1,73TPP7U7B6PMOYGXCB3NEPXV,30,"B4,B3,B2 (RGB visualised)",EPSG:32644,2026-02-21T10:58:39.581604
MON_Hasdeo_Core_2018_11_first_event.tif,Hasdeo_JPEG_Dataset,MON_Hasdeo_Core_2018_11_first_event,Hasdeo_Core,monthly,first_event,2018-11-01,2018-12-01,12,K4OQBZOXVDIJ6KNAHV45NWSL,30,"B4,B3,B2 (RGB visualised)",EPSG:32644,2026-02-21T10:58:47.284774
MON_Hasdeo_Core_2018_12_first_event.tif,Hasdeo_JPEG_Dataset,MON_Hasdeo_Core_2018_12_first_event,Hasdeo_Core,monthly,first_event,2018-12-01,2019-01-01,10,MYXTB3GHYOH6KHVKCLSUUQQG,30,"B4,B3,B2 (RGB visualised)",EPSG:32644,2026-02-21T10:58:51.074046
MON_Hasdeo_Core_2019_01_first_event.tif,Hasdeo_JPEG_Dataset,MON_Hasdeo_Core_2019_01_first_event,Hasdeo_Core,monthly,first_event,2019-01-01,2019-02-01,24,AYKJRBRFPAEN7ZAJ5BPHQU4F,30,"B4,B3,B2 (RGB visualised)",EPSG:32644,2026-02-21T10:58:58.959100
MON_Hasdeo_Core_2019_02_first_event.tif,Hasdeo_JPEG_Dataset,MON_Hasdeo_Core_2019_02_first_event,Hasdeo_Core,monthly,first_event,2019-02-01,2019-03-01,15,AVX4KTHPJCMB7RPTDAPEEYA7,30,"B4,B3,B2 (RGB visualised)",EPSG:32644,2026-02-21T10:59:05.557896
MON_Hasdeo_Core_2019_03_first_event.tif,Hasdeo_JPEG_Dataset,MON_Hasdeo_Core_2019_03_first_event,Hasdeo_Core,monthly,first_event,2019-03-01,2019-04-01,22,QSTILXYO6W3VBSPEBUZW5UB6,30,"B4,B3,B2 (RGB visualised)",EPSG:32644,2026-02-21T10:59:08.642812
MON_Hasdeo_Core_2019_04_first_event.tif,Hasdeo_JPEG_Dataset,MON_Hasdeo_Core_2019_04_first_event,Hasdeo_Core,monthly,first_event,2019-04-01,2019-05-01,16,4N2SVYG6ZODKARDJAQZFR4VV,30,"B4,B3,B2 (RGB visualised)",EPSG:32644,2026-02-21T10:59:13.089631
MON_Hasdeo_Core_2019_05_first_event.tif,Hasdeo_JPEG_Dataset,MON_Hasdeo_Core_2019_05_first_event,Hasdeo_Core,monthly,first_event,2019-05-01,2019-06-01,24,3I7VVKVWF5T4L6WQZYQLAYZJ,30,"B4,B3,B2 (RGB visualised)",EPSG:32644,2026-02-21T10:59:15.347832
MON_Hasdeo_Core_2019_06_first_event.tif,Hasdeo_JPEG_Dataset,MON_Hasdeo_Core_2019_06_first_event,Hasdeo_Core,monthly,first_event,2019-06-01,2019-07-01,8,J6VRVRKF7BS3WV7I35J23T7F,30,"B4,B3,B2 (RGB visualised)",EPSG:32644,2026-02-21T10:59:18.212918
MON_Hasdeo_Core_2019_10_first_event.tif,Hasdeo_JPEG_Dataset,MON_Hasdeo_Core_2019_10_first_event,Hasdeo_Core,monthly,first_event,2019-10-01,2019-11-01,6,YNGI2SFCTANUVMGYFWZ77ZZB,30,"B4,B3,B2 (RGB visualised)",EPSG:32644,2026-02-21T10:59:24.868429
MON_Hasdeo_Core_2019_11_first_event.tif,Hasdeo_JPEG_Dataset,MON_Hasdeo_Core_2019_11_first_event,Hasdeo_Core,monthly,first_event,2019-11-01,2019-12-01,22,Q5YZ3AF6IYESK6BJ23FQVJS6,30,"B4,B3,B2 (RGB visualised)",EPSG:32644,2026-02-21T10:59:27.119406
MON_Hasdeo_Core_2019_12_first_event.tif,Hasdeo_JPEG_Dataset,MON_Hasdeo_Core_2019_12_first_event,Hasdeo_Core,monthly,first_event,2019-12-01,2020-01-01,14,STWG7T3T3Z4HEWKMNPBJEITC,30,"B4,B3,B2 (RGB visualised)",EPSG:32644,2026-02-21T10:59:36.314478
MON_Hasdeo_Core_2020_01_first_event.tif,Hasdeo_JPEG_Dataset,MON_Hasdeo_Core_2020_01_first_event,Hasdeo_Core,monthly,first_event,2020-01-01,2020-02-01,24,DFSW2JX2OB66PA6RXOPPRTXC,30,"B4,B3,B2 (RGB visualised)",EPSG:32644,2026-02-21T10:59:38.382536
MON_Hasdeo_Core_2020_02_first_event.tif,Hasdeo_JPEG_Dataset,MON_Hasdeo_Core_2020_02_first_event,Hasdeo_Core,monthly,first_event,2020-02-01,2020-03-01,9,EQMSODKJXOLDR3AP7ISPNXBF,30,"B4,B3,B2 (RGB visualised)",EPSG:32644,2026-02-21T10:59:40.431821
MON_Hasdeo_Core_2020_03_first_event.tif,Hasdeo_JPEG_Dataset,MON_Hasdeo_Core_2020_03_first_event,Hasdeo_Core,monthly,first_event,2020-03-01,2020-04-01,12,2QD5QUIEKBEBWJXCV4RTGEFN,30,"B4,B3,B2 (RGB visualised)",EPSG:32644,2026-02-21T10:59:42.786320
MON_Hasdeo_Core_2020_04_first_event.tif,Hasdeo_JPEG_Dataset,MON_Hasdeo_Core_2020_04_first_event,Hasdeo_Core,monthly,first_event,2020-04-01,2020-05-01,18,XBCGXU3ZFC2VLE67O7Z5SUQB,30,"B4,B3,B2 (RGB visualised)",EPSG:32644,2026-02-21T10:59:46.984877
MON_Hasdeo_Core_2020_05_first_event.tif,Hasdeo_JPEG_Dataset,MON_Hasdeo_Core_2020_05_first_event,Hasdeo_Core,monthly,first_event,2020-05-01,2020-06-01,12,B4MDXMGHYENNQAQNGTQMPOZL,30,"B4,B3,B2 (RGB visualised)",EPSG:32644,2026-02-21T10:59:49.855436
MON_Hasdeo_Core_2020_06_first_event.tif,Hasdeo_JPEG_Dataset,MON_Hasdeo_Core_2020_06_first_event,Hasdeo_Core,monthly,first_event,2020-06-01,2020-07-01,4,2LB5J7CSO2QEDM7RRRNHGXK5,30,"B4,B3,B2 (RGB visualised)",EPSG:32644,2026-02-21T10:59:52.621831
MON_Hasdeo_Core_2020_09_first_event.tif,Hasdeo_JPEG_Dataset,MON_Hasdeo_Core_2020_09_first_event,Hasdeo_Core,monthly,first_event,2020-09-01,2020-10-01,4,KJVM66W255JOR3OEDY4EAQ7X,30,"B4,B3,B2 (RGB visualised)",EPSG:32644,2026-02-21T10:59:58.345656
MON_Hasdeo_Core_2020_10_first_event.tif,Hasdeo_JPEG_Dataset,MON_Hasdeo_Core_2020_10_first_event,Hasdeo_Core,monthly,first_event,2020-10-01,2020-11-01,7,5NHT6OGW5SUVV6ECRWWTKZO4,30,"B4,B3,B2 (RGB visualised)",EPSG:32644,2026-02-21T11:00:01.545884
MON_Hasdeo_Core_2020_11_first_event.tif,Hasdeo_JPEG_Dataset,MON_Hasdeo_Core_2020_11_first_event,Hasdeo_Core,monthly,first_event,2020-11-01,2020-12-01,16,EW7FEEEI3TERQK7IXR3WKXHX,30,"B4,B3,B2 (RGB visualised)",EPSG:32644,2026-02-21T11:00:03.724722
MON_Hasdeo_Core_2020_12_first_event.tif,Hasdeo_JPEG_Dataset,MON_Hasdeo_Core_2020_12_first_event,Hasdeo_Core,monthly,first_event,2020-12-01,2021-01-01,25,7YTMTMBGOCZOGB743XXUGUR2,30,"B4,B3,B2 (RGB visualised)",EPSG:32644,2026-02-21T11:00:05.416345
MON_Hasdeo_Core_2021_01_first_event.tif,Hasdeo_JPEG_Dataset,MON_Hasdeo_Core_2021_01_first_event,Hasdeo_Core,monthly,first_event,2021-01-01,2021-02-01,20,HFIE3V26TIRI6U2XRFA4JQEW,30,"B4,B3,B2 (RGB visualised)",EPSG:32644,2026-02-21T11:00:13.037922
MON_Hasdeo_Core_2021_02_first_event.tif,Hasdeo_JPEG_Dataset,MON_Hasdeo_Core_2021_02_first_event,Hasdeo_Core,monthly,first_event,2021-02-01,2021-03-01,18,VM54P5F35VAUFU6GYIUY5LVO,30,"B4,B3,B2 (RGB visualised)",EPSG:32644,2026-02-21T11:00:15.041728
MON_Hasdeo_Core_2021_03_first_event.tif,Hasdeo_JPEG_Dataset,MON_Hasdeo_Core_2021_03_first_event,Hasdeo_Core,monthly,first_event,2021-03-01,2021-04-01,24,MMT6KLEO5HJCCA7TS4AB6IGO,30,"B4,B3,B2 (RGB visualised)",EPSG:32644,2026-02-21T11:00:22.209955
MON_Hasdeo_Core_2021_04_first_event.tif,Hasdeo_JPEG_Dataset,MON_Hasdeo_Core_2021_04_first_event,Hasdeo_Core,monthly,first_event,2021-04-01,2021-05-01,20,27GE4EFDDZ2MPNA4TH37SVLF,30,"B4,B3,B2 (RGB visualised)",EPSG:32644,2026-02-21T11:00:35.111658
MON_Hasdeo_Core_2021_05_first_event.tif,Hasdeo_JPEG_Dataset,MON_Hasdeo_Core_2021_05_first_event,Hasdeo_Core,monthly,first_event,2021-05-01,2021-06-01,6,QI26H7TRNNEK7RB3ODEGWSIA,30,"B4,B3,B2 (RGB visualised)",EPSG:32644,2026-02-21T11:00:37.061766
MON_Hasdeo_Core_2021_06_first_event.tif,Hasdeo_JPEG_Dataset,MON_Hasdeo_Core_2021_06_first_event,Hasdeo_Core,monthly,first_event,2021-06-01,2021-07-01,2,WRXWNU5BNUFBYXQAXFDDWNPO,30,"B4,B3,B2 (RGB visualised)",EPSG:32644,2026-02-21T11:00:46.756394
MON_Hasdeo_Core_2021_07_first_event.tif,Hasdeo_JPEG_Dataset,MON_Hasdeo_Core_2021_07_first_event,Hasdeo_Core,monthly,first_event,2021-07-01,2021-08-01,1,VCX7F73K7ZP5IROETIXNW65U,30,"B4,B3,B2 (RGB visualised)",EPSG:32644,2026-02-21T11:00:53.862356
MON_Hasdeo_Core_2021_08_first_event.tif,Hasdeo_JPEG_Dataset,MON_Hasdeo_Core_2021_08_first_event,Hasdeo_Core,monthly,first_event,2021-08-01,2021-09-01,1,R75ZOKETWF5VQR453NYCNYUK,30,"B4,B3,B2 (RGB visualised)",EPSG:32644,2026-02-21T11:00:56.106592
MON_Hasdeo_Core_2021_10_first_event.tif,Hasdeo_JPEG_Dataset,MON_Hasdeo_Core_2021_10_first_event,Hasdeo_Core,monthly,first_event,2021-10-01,2021-11-01,16,EMSBMZZYXVEQKIDMD7AIKCRC,30,"B4,B3,B2 (RGB visualised)",EPSG:32644,2026-02-21T11:01:00.640584
MON_Hasdeo_Core_2021_11_first_event.tif,Hasdeo_JPEG_Dataset,MON_Hasdeo_Core_2021_11_first_event,Hasdeo_Core,monthly,first_event,2021-11-01,2021-12-01,15,HD5JLYQM3QSNNDMWB35TAYH2,30,"B4,B3,B2 (RGB visualised)",EPSG:32644,2026-02-21T11:01:04.192988
MON_Hasdeo_Core_2021_12_first_event.tif,Hasdeo_JPEG_Dataset,MON_Hasdeo_Core_2021_12_first_event,Hasdeo_Core,monthly,first_event,2021-12-01,2022-01-01,23,ROT7SHSNUJLHGKDOEEMDQQA5,30,"B4,B3,B2 (RGB visualised)",EPSG:32644,2026-02-21T11:01:06.653289
MON_Hasdeo_Core_2022_01_first_event.tif,Hasdeo_JPEG_Dataset,MON_Hasdeo_Core_2022_01_first_event,Hasdeo_Core,monthly,first_event,2022-01-01,2022-02-01,13,C4IA7XMJPMEOHDRIZMFSTKNT,30,"B4,B3,B2 (RGB visualised)",EPSG:32644,2026-02-21T11:01:08.905890
MON_Hasdeo_Core_2022_02_first_event.tif,Hasdeo_JPEG_Dataset,MON_Hasdeo_Core_2022_02_first_event,Hasdeo_Core,monthly,first_event,2022-02-01,2022-03-01,16,YM5QAZTQRGPBUR4N46YYVU7C,30,"B4,B3,B2 (RGB visualised)",EPSG:32644,2026-02-21T11:01:11.157118
MON_Hasdeo_Core_2022_03_second_event.tif,Hasdeo_JPEG_Dataset,MON_Hasdeo_Core_2022_03_second_event,Hasdeo_Core,monthly,second_event,2022-03-01,2022-04-01,25,CSYSEIED26CBALOSMTBZYOPH,30,"B4,B3,B2 (RGB visualised)",EPSG:32644,2026-02-21T11:01:13.183226
MON_Hasdeo_Core_2022_04_second_event.tif,Hasdeo_JPEG_Dataset,MON_Hasdeo_Core_2022_04_second_event,Hasdeo_Core,monthly,second_event,2022-04-01,2022-05-01,21,IE4NVX5FNSUMMS47ZAP2Q3LA,30,"B4,B3,B2 (RGB visualised)",EPSG:32644,2026-02-21T11:01:22.319391
MON_Hasdeo_Core_2022_05_first_event.tif,Hasdeo_JPEG_Dataset,MON_Hasdeo_Core_2022_05_first_event,Hasdeo_Core,monthly,first_event,2022-05-01,2022-06-01,17,7VALWYDWLRV3MPYZMLREQDIJ,30,"B4,B3,B2 (RGB visualised)",EPSG:32644,2026-02-21T11:01:23.958491
MON_Hasdeo_Core_2022_06_first_event.tif,Hasdeo_JPEG_Dataset,MON_Hasdeo_Core_2022_06_first_event,Hasdeo_Core,monthly,first_event,2022-06-01,2022-07-01,3,5C522P7LYSFYZJUPFNHSFC4Q,30,"B4,B3,B2 (RGB visualised)",EPSG:32644,2026-02-21T11:01:28.239172
MON_Hasdeo_Core_2022_10_first_event.tif,Hasdeo_JPEG_Dataset,MON_Hasdeo_Core_2022_10_first_event,Hasdeo_Core,monthly,first_event,2022-10-01,2022-11-01,10,GXRGRVEGQK67CBINQWRXAENK,30,"B4,B3,B2 (RGB visualised)",EPSG:32644,2026-02-21T11:01:38.397285
MON_Hasdeo_Core_2022_11_first_event.tif,Hasdeo_JPEG_Dataset,MON_Hasdeo_Core_2022_11_first_event,Hasdeo_Core,monthly,first_event,2022-11-01,2022-12-01,22,GB636PO7VB5WPSY7CA4BNNCR,30,"B4,B3,B2 (RGB visualised)",EPSG:32644,2026-02-21T11:01:40.903996
MON_Hasdeo_Core_2022_12_first_event.tif,Hasdeo_JPEG_Dataset,MON_Hasdeo_Core_2022_12_first_event,Hasdeo_Core,monthly,first_event,2022-12-01,2023-01-01,23,2EUUUGLKWEYF62DWITIDRQW6,30,"B4,B3,B2 (RGB visualised)",EPSG:32644,2026-02-21T11:01:42.903726
MON_Hasdeo_Core_2023_01_first_event.tif,Hasdeo_JPEG_Dataset,MON_Hasdeo_Core_2023_01_first_event,Hasdeo_Core,monthly,first_event,2023-01-01,2023-02-01,20,MAROXCWBTP4CUNXFELHNIIKV,30,"B4,B3,B2 (RGB visualised)",EPSG:32644,2026-02-21T11:01:44.746524
MON_Hasdeo_Core_2023_02_first_event.tif,Hasdeo_JPEG_Dataset,MON_Hasdeo_Core_2023_02_first_event,Hasdeo_Core,monthly,first_event,2023-02-01,2023-03-01,20,2MGNMLSVFVQJC62NPVWSGGVR,30,"B4,B3,B2 (RGB visualised)",EPSG:32644,2026-02-21T11:01:47.920935
MON_Hasdeo_Core_2023_03_first_event.tif,Hasdeo_JPEG_Dataset,MON_Hasdeo_Core_2023_03_first_event,Hasdeo_Core,monthly,first_event,2023-03-01,2023-04-01,20,5NQLAIIDKF465NCYC2ENE4UP,30,"B4,B3,B2 (RGB visualised)",EPSG:32644,2026-02-21T11:01:50.789785
MON_Hasdeo_Core_2023_04_first_event.tif,Hasdeo_JPEG_Dataset,MON_Hasdeo_Core_2023_04_first_event,Hasdeo_Core,monthly,first_event,2023-04-01,2023-05-01,3,2PI5Y7EOLU7SK4R6SHLYJBLI,30,"B4,B3,B2 (RGB visualised)",EPSG:32644,2026-02-21T11:01:55.550103
MON_Hasdeo_Core_2023_05_first_event.tif,Hasdeo_JPEG_Dataset,MON_Hasdeo_Core_2023_05_first_event,Hasdeo_Core,monthly,first_event,2023-05-01,2023-06-01,17,TCLTV4YAHL4I4JETBKFXOGJR,30,"B4,B3,B2 (RGB visualised)",EPSG:32644,2026-02-21T11:02:01.615225
MON_Hasdeo_Core_2023_06_first_event.tif,Hasdeo_JPEG_Dataset,MON_Hasdeo_Core_2023_06_first_event,Hasdeo_Core,monthly,first_event,2023-06-01,2023-07-01,4,RH5SGGRNTCU5GZ4UGMH7LC7F,30,"B4,B3,B2 (RGB visualised)",EPSG:32644,2026-02-21T11:02:03.997202
MON_Hasdeo_Core_2023_08_first_event.tif,Hasdeo_JPEG_Dataset,MON_Hasdeo_Core_2023_08_first_event,Hasdeo_Core,monthly,first_event,2023-08-01,2023-09-01,1,XPOPVBJMBXOZ4IOVZPHXRBKH,30,"B4,B3,B2 (RGB visualised)",EPSG:32644,2026-02-21T11:02:07.479059
MON_Hasdeo_Core_2023_10_first_event.tif,Hasdeo_JPEG_Dataset,MON_Hasdeo_Core_2023_10_first_event,Hasdeo_Core,monthly,first_event,2023-10-01,2023-11-01,17,2ZYP7HOGCLR74USPAM6H3YII,30,"B4,B3,B2 (RGB visualised)",EPSG:32644,2026-02-21T11:02:11.779541
MON_Hasdeo_Core_2023_11_first_event.tif,Hasdeo_JPEG_Dataset,MON_Hasdeo_Core_2023_11_first_event,Hasdeo_Core,monthly,first_event,2023-11-01,2023-12-01,22,NDZHDQY3KPMSKOROOEN2EH2M,30,"B4,B3,B2 (RGB visualised)",EPSG:32644,2026-02-21T11:02:13.418784
MON_Hasdeo_Core_2023_12_first_event.tif,Hasdeo_JPEG_Dataset,MON_Hasdeo_Core_2023_12_first_event,Hasdeo_Core,monthly,first_event,2023-12-01,2024-01-01,18,WWUJSI6RPU2LJY5O3BL35PFD,30,"B4,B3,B2 (RGB visualised)",EPSG:32644,2026-02-21T11:02:17.010123
SEAS_DRY_Hasdeo_Full_2018_first_event.tif,Hasdeo_JPEG_Dataset,SEAS_DRY_Hasdeo_Full_2018_first_event,Hasdeo_Full,seasonal_dry,first_event,2018-11-01,2019-04-30,99,BSOO7A5BLLUPGUI3PV57NMZC,30,"B4,B3,B2 (RGB visualised)",EPSG:32644,2026-02-21T11:02:19.356137
SEAS_WET_Hasdeo_Full_2018_first_event.tif,Hasdeo_JPEG_Dataset,SEAS_WET_Hasdeo_Full_2018_first_event,Hasdeo_Full,seasonal_wet,first_event,2018-05-01,2018-10-31,1,CPO635IMZ3YMZP4QGL4EYM7J,30,"B4,B3,B2 (RGB visualised)",EPSG:32644,2026-02-21T11:02:21.711484
SEAS_DRY_Hasdeo_Full_2019_first_event.tif,Hasdeo_JPEG_Dataset,SEAS_DRY_Hasdeo_Full_2019_first_event,Hasdeo_Full,seasonal_dry,first_event,2019-11-01,2020-04-30,95,TTSWUWWHM6WLPYSQRV37TRTB,30,"B4,B3,B2 (RGB visualised)",EPSG:32644,2026-02-21T11:02:23.581192
SEAS_WET_Hasdeo_Full_2019_first_event.tif,Hasdeo_JPEG_Dataset,SEAS_WET_Hasdeo_Full_2019_first_event,Hasdeo_Full,seasonal_wet,first_event,2019-05-01,2019-10-31,38,3NJTHAA77ARAPFNONSGFPGWR,30,"B4,B3,B2 (RGB visualised)",EPSG:32644,2026-02-21T11:02:26.014594
SEAS_DRY_Hasdeo_Full_2020_first_event.tif,Hasdeo_JPEG_Dataset,SEAS_DRY_Hasdeo_Full_2020_first_event,Hasdeo_Full,seasonal_dry,first_event,2020-11-01,2021-04-30,121,JQV3EMGB3WTZJ4Y7GMTISSMP,30,"B4,B3,B2 (RGB visualised)",EPSG:32644,2026-02-21T11:02:28.472022
SEAS_WET_Hasdeo_Full_2020_first_event.tif,Hasdeo_JPEG_Dataset,SEAS_WET_Hasdeo_Full_2020_first_event,Hasdeo_Full,seasonal_wet,first_event,2020-05-01,2020-10-31,27,MA6RXKO4IRYG7SNWTE46VLBQ,30,"B4,B3,B2 (RGB visualised)",EPSG:32644,2026-02-21T11:02:31.340587
SEAS_DRY_Hasdeo_Full_2021_first_event.tif,Hasdeo_JPEG_Dataset,SEAS_DRY_Hasdeo_Full_2021_first_event,Hasdeo_Full,seasonal_dry,first_event,2021-11-01,2022-04-30,109,UP3EUQUI3OEMD4HVENPJG2TD,30,"B4,B3,B2 (RGB visualised)",EPSG:32644,2026-02-21T11:02:35.637621
SEAS_WET_Hasdeo_Full_2021_first_event.tif,Hasdeo_JPEG_Dataset,SEAS_WET_Hasdeo_Full_2021_first_event,Hasdeo_Full,seasonal_wet,first_event,2021-05-01,2021-10-31,26,2YZZPH4RLG7ILRPLKMKCV5HQ,30,"B4,B3,B2 (RGB visualised)",EPSG:32644,2026-02-21T11:02:38.154185
SEAS_DRY_Hasdeo_Full_2022_second_event.tif,Hasdeo_JPEG_Dataset,SEAS_DRY_Hasdeo_Full_2022_second_event,Hasdeo_Full,seasonal_dry,second_event,2022-11-01,2023-04-30,108,SKDRAKWTNYJU6X6PW7BOSQNR,30,"B4,B3,B2 (RGB visualised)",EPSG:32644,2026-02-21T11:02:42.401052
SEAS_WET_Hasdeo_Full_2022_first_event.tif,Hasdeo_JPEG_Dataset,SEAS_WET_Hasdeo_Full_2022_first_event,Hasdeo_Full,seasonal_wet,first_event,2022-05-01,2022-10-31,30,N7FHGYUTR7EPVWRIU6X2IUK5,30,"B4,B3,B2 (RGB visualised)",EPSG:32644,2026-02-21T11:02:45.470237
SEAS_DRY_Hasdeo_Full_2023_first_event.tif,Hasdeo_JPEG_Dataset,SEAS_DRY_Hasdeo_Full_2023_first_event,Hasdeo_Full,seasonal_dry,first_event,2023-11-01,2024-04-30,111,R7HGUNFIMDZVL3ETJRAPHG2H,30,"B4,B3,B2 (RGB visualised)",EPSG:32644,2026-02-21T11:02:48.132129
SEAS_WET_Hasdeo_Full_2023_first_event.tif,Hasdeo_JPEG_Dataset,SEAS_WET_Hasdeo_Full_2023_first_event,Hasdeo_Full,seasonal_wet,first_event,2023-05-01,2023-10-31,39,7UD6PSPZIMWY3DMKDQFMUZXQ,30,"B4,B3,B2 (RGB visualised)",EPSG:32644,2026-02-21T11:02:50.776914
SEAS_DRY_Hasdeo_North_2018_first_event.tif,Hasdeo_JPEG_Dataset,SEAS_DRY_Hasdeo_North_2018_first_event,Hasdeo_North,seasonal_dry,first_event,2018-11-01,2019-04-30,49,ZRSMTF3H2CNM63VS4RZW4DK6,30,"B4,B3,B2 (RGB visualised)",EPSG:32644,2026-02-21T11:02:53.867602
SEAS_WET_Hasdeo_North_2018_first_event.tif,Hasdeo_JPEG_Dataset,SEAS_WET_Hasdeo_North_2018_first_event,Hasdeo_North,seasonal_wet,first_event,2018-05-01,2018-10-31,1,USJW23FLWV6K74SWJUPFTUSC,30,"B4,B3,B2 (RGB visualised)",EPSG:32644,2026-02-21T11:02:58.177954
SEAS_DRY_Hasdeo_North_2019_first_event.tif,Hasdeo_JPEG_Dataset,SEAS_DRY_Hasdeo_North_2019_first_event,Hasdeo_North,seasonal_dry,first_event,2019-11-01,2020-04-30,46,DEC55TMROLPGRAI5OHVI5DJ6,30,"B4,B3,B2 (RGB visualised)",EPSG:32644,2026-02-21T11:03:02.059085
SEAS_WET_Hasdeo_North_2019_first_event.tif,Hasdeo_JPEG_Dataset,SEAS_WET_Hasdeo_North_2019_first_event,Hasdeo_North,seasonal_wet,first_event,2019-05-01,2019-10-31,17,34IA2GTHK3SJAEMRJRA35AGH,30,"B4,B3,B2 (RGB visualised)",EPSG:32644,2026-02-21T11:03:03.797895
SEAS_DRY_Hasdeo_North_2020_first_event.tif,Hasdeo_JPEG_Dataset,SEAS_DRY_Hasdeo_North_2020_first_event,Hasdeo_North,seasonal_dry,first_event,2020-11-01,2021-04-30,59,MXHOMBTVI2ZMPA3MDIWHJLZA,30,"B4,B3,B2 (RGB visualised)",EPSG:32644,2026-02-21T11:03:05.588156
SEAS_WET_Hasdeo_North_2020_first_event.tif,Hasdeo_JPEG_Dataset,SEAS_WET_Hasdeo_North_2020_first_event,Hasdeo_North,seasonal_wet,first_event,2020-05-01,2020-10-31,15,W7YPI43XSA3HKY6LWOAN3HLH,30,"B4,B3,B2 (RGB visualised)",EPSG:32644,2026-02-21T11:03:07.793175
SEAS_DRY_Hasdeo_North_2021_first_event.tif,Hasdeo_JPEG_Dataset,SEAS_DRY_Hasdeo_North_2021_first_event,Hasdeo_North,seasonal_dry,first_event,2021-11-01,2022-04-30,57,LODQ3JRBXATVGJY2UOU6ORQM,30,"B4,B3,B2 (RGB visualised)",EPSG:32644,2026-02-21T11:03:10.863682
SEAS_WET_Hasdeo_North_2021_first_event.tif,Hasdeo_JPEG_Dataset,SEAS_WET_Hasdeo_North_2021_first_event,Hasdeo_North,seasonal_wet,first_event,2021-05-01,2021-10-31,14,HQMQN6LBDKNXZARFC266W3ZJ,30,"B4,B3,B2 (RGB visualised)",EPSG:32644,2026-02-21T11:03:13.629750
SEAS_DRY_Hasdeo_North_2022_second_event.tif,Hasdeo_JPEG_Dataset,SEAS_DRY_Hasdeo_North_2022_second_event,Hasdeo_North,seasonal_dry,second_event,2022-11-01,2023-04-30,51,7FJ2X5TZXD355M7YROMI6AUY,30,"B4,B3,B2 (RGB visualised)",EPSG:32644,2026-02-21T11:03:16.188454
SEAS_WET_Hasdeo_North_2022_first_event.tif,Hasdeo_JPEG_Dataset,SEAS_WET_Hasdeo_North_2022_first_event,Hasdeo_North,seasonal_wet,first_event,2022-05-01,2022-10-31,14,KOQ2QZX5DHMAQDKOM5RNSQKO,30,"B4,B3,B2 (RGB visualised)",EPSG:32644,2026-02-21T11:03:20.050113
SEAS_DRY_Hasdeo_North_2023_first_event.tif,Hasdeo_JPEG_Dataset,SEAS_DRY_Hasdeo_North_2023_first_event,Hasdeo_North,seasonal_dry,first_event,2023-11-01,2024-04-30,53,YP2SORDLRVOLRUGSXNQNHXLV,30,"B4,B3,B2 (RGB visualised)",EPSG:32644,2026-02-21T11:03:22.231736
SEAS_WET_Hasdeo_North_2023_first_event.tif,Hasdeo_JPEG_Dataset,SEAS_WET_Hasdeo_North_2023_first_event,Hasdeo_North,seasonal_wet,first_event,2023-05-01,2023-10-31,17,4KYMZ5QPKED7G7SI4AVAHZEW,30,"B4,B3,B2 (RGB visualised)",EPSG:32644,2026-02-21T11:03:28.072915
SEAS_DRY_Hasdeo_South_2018_first_event.tif,Hasdeo_JPEG_Dataset,SEAS_DRY_Hasdeo_South_2018_first_event,Hasdeo_South,seasonal_dry,first_event,2018-11-01,2019-04-30,99,7QQBKPPFISCD2B5MNCMBZBJH,30,"B4,B3,B2 (RGB visualised)",EPSG:32644,2026-02-21T11:03:31.753088
SEAS_WET_Hasdeo_South_2018_first_event.tif,Hasdeo_JPEG_Dataset,SEAS_WET_Hasdeo_South_2018_first_event,Hasdeo_South,seasonal_wet,first_event,2018-05-01,2018-10-31,1,EMNXEWVONDVSIKOG3TTD6UVY,30,"B4,B3,B2 (RGB visualised)",EPSG:32644,2026-02-21T11:03:37.794635
SEAS_DRY_Hasdeo_South_2019_first_event.tif,Hasdeo_JPEG_Dataset,SEAS_DRY_Hasdeo_South_2019_first_event,Hasdeo_South,seasonal_dry,first_event,2019-11-01,2020-04-30,95,6AOUZYRPR65GLEZ7GGTV55DL,30,"B4,B3,B2 (RGB visualised)",EPSG:32644,2026-02-21T11:03:39.745868
SEAS_WET_Hasdeo_South_2019_first_event.tif,Hasdeo_JPEG_Dataset,SEAS_WET_Hasdeo_South_2019_first_event,Hasdeo_South,seasonal_wet,first_event,2019-05-01,2019-10-31,38,QII2RK3JV3GZUQIVXW4WQKDZ,30,"B4,B3,B2 (RGB visualised)",EPSG:32644,2026-02-21T11:03:41.688098
SEAS_DRY_Hasdeo_South_2020_first_event.tif,Hasdeo_JPEG_Dataset,SEAS_DRY_Hasdeo_South_2020_first_event,Hasdeo_South,seasonal_dry,first_event,2020-11-01,2021-04-30,121,VNIVVQ5WN66QXGEYGBPXJ7D6,30,"B4,B3,B2 (RGB visualised)",EPSG:32644,2026-02-21T11:03:43.325801
SEAS_WET_Hasdeo_South_2020_first_event.tif,Hasdeo_JPEG_Dataset,SEAS_WET_Hasdeo_South_2020_first_event,Hasdeo_South,seasonal_wet,first_event,2020-05-01,2020-10-31,27,5DGQNMSEKROUAQB4EHAVQ5AL,30,"B4,B3,B2 (RGB visualised)",EPSG:32644,2026-02-21T11:03:45.785171
SEAS_DRY_Hasdeo_South_2021_first_event.tif,Hasdeo_JPEG_Dataset,SEAS_DRY_Hasdeo_South_2021_first_event,Hasdeo_South,seasonal_dry,first_event,2021-11-01,2022-04-30,109,7TMKR3SVJPWHPRDYT4HT6XIK,30,"B4,B3,B2 (RGB visualised)",EPSG:32644,2026-02-21T11:03:49.060364
SEAS_WET_Hasdeo_South_2021_first_event.tif,Hasdeo_JPEG_Dataset,SEAS_WET_Hasdeo_South_2021_first_event,Hasdeo_South,seasonal_wet,first_event,2021-05-01,2021-10-31,26,2G7KENDB6TM4ZE3QQP65FRD2,30,"B4,B3,B2 (RGB visualised)",EPSG:32644,2026-02-21T11:03:50.799374
SEAS_DRY_Hasdeo_South_2022_second_event.tif,Hasdeo_JPEG_Dataset,SEAS_DRY_Hasdeo_South_2022_second_event,Hasdeo_South,seasonal_dry,second_event,2022-11-01,2023-04-30,108,57UK5OGBV54L5H4F6XY7R7DM,30,"B4,B3,B2 (RGB visualised)",EPSG:32644,2026-02-21T11:03:53.155115
SEAS_WET_Hasdeo_South_2022_first_event.tif,Hasdeo_JPEG_Dataset,SEAS_WET_Hasdeo_South_2022_first_event,Hasdeo_South,seasonal_wet,first_event,2022-05-01,2022-10-31,30,ZLYA74XCZL72CY26ZQ63TDVE,30,"B4,B3,B2 (RGB visualised)",EPSG:32644,2026-02-21T11:03:55.307511
SEAS_DRY_Hasdeo_South_2023_first_event.tif,Hasdeo_JPEG_Dataset,SEAS_DRY_Hasdeo_South_2023_first_event,Hasdeo_South,seasonal_dry,first_event,2023-11-01,2024-04-30,111,4F6L33IJX3QHFFWW363ORKVE,30,"B4,B3,B2 (RGB visualised)",EPSG:32644,2026-02-21T11:03:58.891964
SEAS_WET_Hasdeo_South_2023_first_event.tif,Hasdeo_JPEG_Dataset,SEAS_WET_Hasdeo_South_2023_first_event,Hasdeo_South,seasonal_wet,first_event,2023-05-01,2023-10-31,39,XBTAWEA6E4IAOEERYESX77C4,30,"B4,B3,B2 (RGB visualised)",EPSG:32644,2026-02-21T11:04:01.578435
SEAS_DRY_Hasdeo_Core_2018_first_event.tif,Hasdeo_JPEG_Dataset,SEAS_DRY_Hasdeo_Core_2018_first_event,Hasdeo_Core,seasonal_dry,first_event,2018-11-01,2019-04-30,99,WGJRIMEKUTFSVYPKM7ZSGSUU,30,"B4,B3,B2 (RGB visualised)",EPSG:32644,2026-02-21T11:04:03.057304
SEAS_WET_Hasdeo_Core_2018_first_event.tif,Hasdeo_JPEG_Dataset,SEAS_WET_Hasdeo_Core_2018_first_event,Hasdeo_Core,seasonal_wet,first_event,2018-05-01,2018-10-31,1,OEA2YWPA45PJHV3QAQHLJKQ6,30,"B4,B3,B2 (RGB visualised)",EPSG:32644,2026-02-21T11:04:07.183792
SEAS_DRY_Hasdeo_Core_2019_first_event.tif,Hasdeo_JPEG_Dataset,SEAS_DRY_Hasdeo_Core_2019_first_event,Hasdeo_Core,seasonal_dry,first_event,2019-11-01,2020-04-30,95,NH6LVZMHX3X5WLI7XK5SE2XA,30,"B4,B3,B2 (RGB visualised)",EPSG:32644,2026-02-21T11:04:09.130781
SEAS_WET_Hasdeo_Core_2019_first_event.tif,Hasdeo_JPEG_Dataset,SEAS_WET_Hasdeo_Core_2019_first_event,Hasdeo_Core,seasonal_wet,first_event,2019-05-01,2019-10-31,38,CVHMXE67IS7BQDXXXRID5BUT,30,"B4,B3,B2 (RGB visualised)",EPSG:32644,2026-02-21T11:04:11.484977
SEAS_DRY_Hasdeo_Core_2020_first_event.tif,Hasdeo_JPEG_Dataset,SEAS_DRY_Hasdeo_Core_2020_first_event,Hasdeo_Core,seasonal_dry,first_event,2020-11-01,2021-04-30,119,PDE2R2R3J7PSYGNCULRCCW6C,30,"B4,B3,B2 (RGB visualised)",EPSG:32644,2026-02-21T11:04:13.431419
SEAS_WET_Hasdeo_Core_2020_first_event.tif,Hasdeo_JPEG_Dataset,SEAS_WET_Hasdeo_Core_2020_first_event,Hasdeo_Core,seasonal_wet,first_event,2020-05-01,2020-10-31,27,3ZFDY26FLWMUCECV63MTGH2L,30,"B4,B3,B2 (RGB visualised)",EPSG:32644,2026-02-21T11:04:16.136939
SEAS_DRY_Hasdeo_Core_2021_first_event.tif,Hasdeo_JPEG_Dataset,SEAS_DRY_Hasdeo_Core_2021_first_event,Hasdeo_Core,seasonal_dry,first_event,2021-11-01,2022-04-30,109,2R4NSF7NCJ5MFRVQ6AH3ZTRH,30,"B4,B3,B2 (RGB visualised)",EPSG:32644,2026-02-21T11:04:21.724889
SEAS_WET_Hasdeo_Core_2021_first_event.tif,Hasdeo_JPEG_Dataset,SEAS_WET_Hasdeo_Core_2021_first_event,Hasdeo_Core,seasonal_wet,first_event,2021-05-01,2021-10-31,26,T7HKKXC7JPBRWUSI6OPVJZD7,30,"B4,B3,B2 (RGB visualised)",EPSG:32644,2026-02-21T11:04:23.977317
SEAS_DRY_Hasdeo_Core_2022_second_event.tif,Hasdeo_JPEG_Dataset,SEAS_DRY_Hasdeo_Core_2022_second_event,Hasdeo_Core,seasonal_dry,second_event,2022-11-01,2023-04-30,108,6GWQRRGAIH76SFIHQOXIUNA7,30,"B4,B3,B2 (RGB visualised)",EPSG:32644,2026-02-21T11:04:25.718446
SEAS_WET_Hasdeo_Core_2022_first_event.tif,Hasdeo_JPEG_Dataset,SEAS_WET_Hasdeo_Core_2022_first_event,Hasdeo_Core,seasonal_wet,first_event,2022-05-01,2022-10-31,30,LBVNA7A2DHKHCBYDOX3RC6V5,30,"B4,B3,B2 (RGB visualised)",EPSG:32644,2026-02-21T11:04:27.766365
SEAS_DRY_Hasdeo_Core_2023_first_event.tif,Hasdeo_JPEG_Dataset,SEAS_DRY_Hasdeo_Core_2023_first_event,Hasdeo_Core,seasonal_dry,first_event,2023-11-01,2024-04-30,109,KRB44KYVZPJ4MDHBMG3LI7O2,30,"B4,B3,B2 (RGB visualised)",EPSG:32644,2026-02-21T11:04:29.813316
SEAS_WET_Hasdeo_Core_2023_first_event.tif,Hasdeo_JPEG_Dataset,SEAS_WET_Hasdeo_Core_2023_first_event,Hasdeo_Core,seasonal_wet,first_event,2023-05-01,2023-10-31,39,XHMJFO3ILXGVEDRWNV7Z5G3T,30,"B4,B3,B2 (RGB visualised)",EPSG:32644,2026-02-21T11:04:31.356625
